clinic_id,ownership,hospital_location,admitted_patients,nurse_patient_ratio,ed_visits,satisfaction_score,revenue
1847,Profit,Urban,23,0.4,12,2.04,55684.18
422,Profit,Urban,22,0.6,11,2.77,117115.85
1843,Public,Rural,47,0.37,31,3.13,72794.56
14,Non-Profit,Urban,20,0.06,47,1.3,87447.23
1880,Public,Rural,33,0.94,40,5.9,88848.01
117,Public,-,46,0.09,3,3.31,68946.91
1139,Profit,Urban,37,0.09,42,3.08,120280.1
602,Profit,Rural,39,0.84,4,6.6,86836.93
596,Profit,-,7,0.49,7,1.05,50316.15
1936,Non-Profit,Rural,25,0.25,25,2.82,104473.51
374,Profit,Urban,25,0.61,22,9.76,78990.67
285,Non-Profit,Urban,25,0.74,18,8.15,63181.63
1229,Public,Urban,28,0.04,9,3.9,51962.44
151,Profit,Rural,22,0.87,12,,82277.06
1655,Non-Profit,Urban,11,0.72,33,5.09,116128.44
1935,Non-Profit,Urban,11,0.58,38,3.05,111292.54
1774,non_profitt,Urban,16,0.08,48,,91844.42
1425,Non-Profit,Urban,34,0.98,39,6.41,87701.05
1173,Profit,Urban,38,0.74,40,8.86,137982.26
1199,Profit,Urban,23,0.57,17,2.64,116563.32
806,Public,Urban,11,0.95,10,7.84,111303.68
366,Non-Profit,Urban,13,0.66,28,,127250.29
1973,Profit,Urban,42,0.76,4,5.75,40931.15
247,Profit,Rural,42,0.71,17,7.62,126820.37
189,Public,Urban,29,0.69,24,6.53,128208.29
1349,Non-Profit,Rural,33,0.54,33,3.44,100583.61
1250,Profit,Urban,26,0.98,8,9.75,52508.52
453,Public,Urban,14,0.56,33,1.97,91216.16
1414,Profit,Urban,7,0.67,23,8.3,96698.18
695,Non-Profit,Urban,25,0.15,26,2.64,66408.53
1798,Profit,Urban,28,0.29,32,1.22,128165.37
828,Public,Rural,38,0.81,26,9.09,71842.82
545,Public,-,36,0.15,44,3.91,82310.0
1434,Public,Urban,38,0.37,45,1.49,74001.98
1884,Public,Rural,36,0.61,15,6.48,55401.25
1425,Non-Profit,Urban,14,0.54,4,1.15,105661.63
800,Profit,Urban,24,0.13,22,2.52,112152.89
1855,Profit,Rural,30,0.2,47,,149499.14
1189,Non-Profit,Rural,15,0.42,1,1.4,48640.03
1446,Non-Profit,Rural,40,0.1,14,1.72,41903.43
902,Profit,Rural,42,0.36,37,2.58,55400.5
776,Profit,Rural,23,0.37,47,,61890.51
843,Profit,Urban,25,0.14,29,2.53,71732.25
1536,Profit,Rural,5,0.19,29,2.99,107199.82
1576,Profit,Urban,28,0.93,45,6.18,93046.34
13,Profit,Rural,29,0.94,17,9.34,126971.51
153,Public,Urban,19,0.25,32,3.75,93712.79
342,Public,Urban,25,0.95,41,8.54,87968.44
383,Profit,Urban,19,0.23,13,2.94,34187.97
364,Non-Profit,Rural,20,0.02,-35,1.48,48658.42
925,Non-Profit,Rural,24,0.92,2,8.43,62250.37
277,Profit,Urban,49,0.81,5,9.01,63758.92
1594,Profit,Rural,27,0.15,36,1.64,97036.02
1760,Profit,Rural,14,0.44,18,1.96,115697.3
1356,Profit,Rural,4,0.48,16,2.69,50719.47
927,Profit,-,10,0.47,7,3.06,67567.72
25,Public,Rural,35,0.14,44,2.98,94287.74
501,Profit,Urban,12,0.22,34,3.22,79619.81
852,Non-Profit,Urban,28,0.6,41,1.82,108274.88
754,Profit,Urban,10,0.71,21,7.07,72130.44
467,Profit,Rural,32,0.64,10,9.8,109380.56
840,Public,Rural,40,0.08,25,,78472.15
1565,Non-Profit,Rural,18,0.79,30,6.47,54072.8
1285,Profit,Rural,38,0.67,29,9.28,104478.39
1502,Profit,-,30,0.85,19,9.84,67189.46
1710,Profit,Rural,1,0.66,28,9.56,126509.38
460,Profit,Urban,40,0.72,22,,75044.71
253,Profit,Urban,43,0.09,36,2.46,76890.3
416,Profit,Rural,48,0.13,8,1.2,65092.03
1670,Public,Rural,16,0.25,23,1.49,44778.93
1537,Public,Urban,48,0.33,38,1.54,87288.72
1877,Profit,Urban,24,0.43,33,3.45,127359.21
1050,Profit,Urban,46,0.25,20,2.5,86469.82
723,Profit,Urban,10,0.95,35,7.61,133989.73
1825,Non-Profit,Urban,20,0.26,19,1.62,62327.37
1510,Profit,-,33,0.13,27,,93570.59
1595,Profit,Urban,1,0.53,3,2.74,77653.98
548,Profit,Urban,6,0.96,24,8.63,119020.14
1690,Non-Profit,Urban,29,0.57,17,2.57,111259.29
1971,Profit,Rural,13,0.34,2,1.11,91018.67
739,Public,Rural,18,0.1,10,1.92,78971.93
789,Public,Urban,22,0.98,43,9.9,72832.96
21,Profit,Urban,23,0.22,-32,3.42,100697.51
407,Profit,-,41,0.39,26,2.24,71203.18
170,Profit,Rural,22,0.22,33,,69803.11
1910,Non-Profit,Urban,16,0.22,28,2.38,52444.97
532,Profit,Urban,49,0.52,34,1.86,98806.5
1632,Public,Urban,45,0.56,36,2.99,124732.63
483,Non-Profit,Urban,36,0.25,9,2.11,103506.46
281,Profit,Urban,47,0.74,11,9.47,115636.02
1172,non_profitt,Rural,37,0.06,11,1.23,107138.89
1669,Public,Urban,9,0.11,8,2.02,45996.21
1449,Profit,Rural,3,0.51,18,1.02,89448.16
1180,Profit,Rural,22,0.43,5,,53816.98
247,Profit,Rural,6,0.08,41,,107782.06
1137,Public,Rural,38,0.29,34,1.27,105625.97
1678,Non-Profit,Urban,45,0.62,14,9.43,83858.41
1461,Profit,Rural,5,0.55,35,1.35,119103.15
590,Public,Urban,43,0.72,8,9.6,107251.56
546,Profit,Rural,38,0.49,36,2.41,98195.82
1046,Profit,Urban,24,0.28,27,1.28,57290.41
1798,Profit,-,14,0.23,39,3.72,137036.21
263,Public,Urban,12,0.03,17,1.89,65463.57
1830,Non-Profit,Urban,43,0.3,22,3.68,87275.36
1226,Profit,Rural,16,0.62,6,9.12,116930.84
1187,Public,Urban,12,0.9,21,6.5,81451.17
761,Profit,Urban,43,0.84,10,,58206.74
97,Non-Profit,Urban,41,0.01,29,1.56,73859.4
190,Public,Urban,31,0.45,45,2.18,103716.25
1902,Profit,Urban,24,0.01,20,,115017.04
506,Public,Urban,47,0.31,6,2.45,49712.39
93,Profit,Urban,11,0.71,15,5.12,98141.9
698,Non-Profit,Urban,12,0.98,34,5.28,129622.32
231,Public,Urban,36,0.45,-12,2.55,52008.49
1668,Profit,Urban,20,0.01,18,3.45,113041.61
1482,Profit,Urban,44,0.05,-23,1.12,103037.89
58,Public,Rural,3,0.27,45,2.19,99407.32
1443,Profit,Urban,31,0.65,32,,68453.19
1717,Public,Urban,3,0.54,-38,2.78,75021.71
1571,Public,Rural,16,0.99,24,,49504.76
544,Profit,-,47,0.15,3,1.68,100357.14
241,Profit,Urban,16,0.23,-39,2.54,102689.13
1981,Public,Urban,42,0.98,35,6.52,57170.05
309,Public,Rural,5,0.98,1,7.58,83969.94
646,Public,Urban,23,0.73,16,5.21,115682.84
285,Profit,Rural,6,0.97,44,7.71,77373.92
1350,Non-Profit,Urban,26,0.34,18,2.96,49491.24
1373,Profit,-,3,0.16,28,3.62,87598.92
553,Non-Profit,Rural,11,0.27,3,2.3,67514.34
1816,Profit,Urban,36,0.34,21,1.98,70301.22
1227,Non-Profit,Urban,7,0.05,22,2.84,116972.68
86,Profit,Rural,17,0.26,5,2.47,66435.83
233,Non-Profit,Rural,23,0.8,19,5.73,123961.74
1809,Profit,Rural,39,0.87,12,7.62,89361.32
1207,Public,Urban,6,0.22,30,3.66,104748.16
1329,Non-Profit,Rural,40,0.93,12,7.02,35125.36
994,Profit,Rural,43,0.65,3,,38630.39
1819,Profit,Urban,25,0.92,36,8.95,82634.6
938,Public,Urban,46,0.21,8,1.93,77864.28
725,Public,Rural,1,0.43,33,3.51,116108.32
1240,Non-Profit,Rural,44,0.83,-35,7.63,78326.9
276,Non-Profit,Urban,42,0.09,21,2.9,52386.38
842,Profit,Urban,2,0.11,18,3.08,74015.92
1652,Non-Profit,Urban,28,0.51,17,2.03,82949.43
1375,Non-Profit,Urban,25,0.66,42,9.85,154774.04
1453,Public,Urban,48,0.57,48,2.47,85085.52
1356,Non-Profit,Urban,30,0.19,49,,72948.33
1828,Profit,-,40,0.12,-21,1.26,101409.38
1108,Profit,Urban,44,0.98,7,9.0,87414.54
486,Profit,Urban,49,0.3,23,3.56,107146.69
229,Profit,Urban,43,0.06,35,2.17,133688.26
1971,Profit,Urban,18,0.02,41,2.95,68388.41
1109,Public,Rural,26,0.74,8,8.16,71206.66
1969,Profit,Urban,11,0.69,36,8.0,110185.66
1971,Non-Profit,Urban,8,0.41,8,2.22,50073.7
1357,Profit,Rural,24,0.27,49,3.88,79644.2
1627,Profit,Urban,6,0.35,43,2.6,62631.67
1318,Profit,-,3,0.75,1,9.87,84429.52
1734,Public,Urban,36,0.06,7,3.83,79108.6
835,Non-Profit,Rural,47,0.92,2,9.56,96415.78
1291,Public,Rural,1,0.6,11,1.01,28687.4
1686,Public,Rural,2,0.22,17,1.95,113352.92
990,Profit,Rural,18,0.61,49,7.04,107697.24
446,Non-Profit,Urban,36,0.74,2,5.55,23028.76
521,Profit,Urban,33,0.72,28,7.98,91326.33
675,Profit,Rural,5,0.6,43,1.57,88678.52
452,Profit,Urban,20,0.18,35,3.75,65464.7
767,Profit,Urban,46,0.51,16,2.57,113632.63
1852,Public,Rural,28,0.78,18,6.15,109801.92
891,Profit,Rural,41,0.38,-8,1.56,86749.18
1538,Profit,Urban,17,0.91,4,8.85,64735.23
1048,Non-Profit,Urban,15,0.95,41,9.2,114942.42
1833,Profit,Rural,41,0.5,6,,64385.07
419,Profit,Rural,45,0.16,4,3.33,23006.59
1419,Non-Profit,Urban,26,0.07,23,2.42,69596.27
1395,Profit,-,20,0.51,6,3.8,36995.86
1790,Profit,-,44,0.93,41,6.94,72702.96
1533,Profit,Rural,14,0.86,31,9.46,90612.58
1372,Public,Urban,17,0.14,42,2.33,83496.51
1638,Profit,Rural,25,0.84,7,9.64,94065.31
833,Public,Rural,18,0.03,8,3.57,54482.75
1296,Profit,Rural,2,0.97,3,8.41,30793.47
118,Profit,Urban,34,0.22,6,2.9,66675.83
1308,Profit,Rural,39,0.74,48,7.07,71994.54
138,Profit,Rural,31,0.31,9,2.23,34889.66
1547,Profit,Rural,29,0.65,28,6.92,136770.29
1589,Profit,-,1,0.21,8,1.33,102560.75
117,Profit,Rural,36,0.2,9,2.71,110026.56
1354,Public,Urban,41,0.4,40,3.23,101462.65
1877,non_profitt,Rural,4,0.17,15,2.9,117680.89
1572,Profit,-,31,0.63,31,9.75,110611.51
1845,Profit,Urban,12,0.74,22,7.28,121944.72
522,Public,Urban,11,0.04,19,3.08,51716.45
1595,Public,Rural,35,0.22,17,3.3,75517.15
1341,Profit,Rural,21,0.34,17,2.95,113034.04
275,Profit,Urban,13,0.85,1,,90958.59
154,Non-Profit,Urban,10,0.61,5,8.7,110943.37
301,Non-Profit,Urban,27,0.06,36,2.11,140937.27
1480,Profit,Rural,42,0.73,20,7.02,87729.03
1905,Profit,Urban,10,0.48,-43,3.84,144613.72
1313,Profit,Urban,30,0.66,18,7.97,62613.6
996,Non-Profit,Urban,49,0.18,4,2.2,75602.01
1048,Non-Profit,Urban,1,0.37,11,1.09,53984.01
1737,Profit,Urban,26,0.2,13,3.5,64903.37
1052,Public,Urban,5,0.92,43,9.24,155567.06
397,Public,Urban,28,0.46,19,1.47,107454.28
921,Public,Urban,41,0.63,38,6.59,64299.18
1512,Public,Urban,13,0.45,43,1.47,133718.17
21,Profit,Urban,19,0.54,24,3.18,78479.7
847,Profit,Urban,30,0.68,37,9.65,92809.79
1305,Non-Profit,Rural,44,0.27,1,3.35,73539.3
1485,Profit,Rural,7,0.96,14,9.52,53638.05
558,Profit,Rural,34,0.8,29,7.62,62739.71
742,Non-Profit,Urban,12,0.62,39,9.34,87976.96
1052,Profit,Rural,19,0.95,17,5.4,47453.76
1384,Profit,Rural,40,0.34,42,3.9,128186.42
1096,Profit,Rural,47,0.77,14,6.17,57268.91
1749,non_profitt,Rural,2,0.94,6,8.28,104439.1
986,Public,Urban,2,0.05,35,1.13,104381.27
1844,Public,Urban,5,0.35,5,3.47,103442.29
705,Profit,Urban,5,0.72,24,8.77,109833.84
133,Profit,-,7,0.15,20,3.67,112887.94
1048,Profit,Urban,10,0.95,25,8.06,128032.35
780,Profit,Urban,32,0.53,14,2.73,84282.37
72,Profit,Rural,49,0.78,32,5.72,93860.48
1741,Profit,Rural,19,0.21,36,3.38,128269.43
457,Profit,Urban,44,0.66,6,5.32,41892.99
396,Public,Rural,41,0.86,12,8.59,58062.85
500,Non-Profit,Rural,7,0.07,23,3.28,45177.02
661,non_profitt,Urban,49,0.68,19,9.85,48772.33
1914,Profit,Urban,9,0.5,26,2.5,68704.49
943,Non-Profit,Urban,35,0.98,31,9.99,120366.37
1479,Non-Profit,Rural,37,0.88,4,7.1,36816.75
1604,Profit,Urban,13,0.13,1,1.5,45211.41
753,Non-Profit,Urban,8,0.57,9,1.6,78811.71
1970,Profit,Rural,23,0.79,44,7.34,107931.31
8,Public,Rural,34,0.69,41,8.44,137079.66
40,non_profitt,Urban,32,0.57,9,2.99,97802.24
830,Profit,Rural,39,0.95,27,6.82,124202.86
1555,Public,Rural,20,0.75,24,6.27,101819.21
1277,Non-Profit,-,19,0.41,41,3.52,97158.6
23,Profit,Rural,48,0.46,27,1.38,97349.52
87,Profit,Rural,21,0.68,19,7.23,73140.82
1049,Profit,Urban,34,0.74,30,7.09,142400.01
1134,Profit,Urban,47,0.36,9,2.77,96133.31
249,Profit,Rural,20,0.11,36,3.36,67714.13
691,Public,Urban,16,0.62,5,,34567.47
725,Public,Urban,7,0.25,7,3.93,93958.41
1257,Profit,Rural,31,0.63,34,6.61,96977.77
1892,Profit,Rural,4,0.81,17,8.35,61205.26
1746,Public,Rural,21,0.67,44,5.32,149849.19
964,Profit,Urban,12,0.72,18,5.22,109481.35
1636,Public,Urban,38,0.86,8,6.54,66734.14
968,Profit,Urban,11,0.72,46,9.42,98488.57
744,Profit,Urban,16,0.5,39,1.14,134646.62
1921,Profit,Rural,15,0.26,3,2.99,58921.78
1859,Profit,Urban,13,0.74,4,8.19,88937.43
1169,Profit,Urban,6,0.63,38,6.52,131512.48
492,Profit,Urban,11,0.65,18,8.47,92137.66
1519,Profit,Rural,36,0.75,21,6.25,106558.14
1937,Public,Rural,28,0.82,12,7.33,122643.47
819,Profit,Rural,3,0.78,28,,111068.57
729,Non-Profit,Urban,12,0.23,18,1.28,97618.12
1195,non_profitt,Urban,27,0.92,29,7.91,134739.05
475,Non-Profit,Rural,17,0.56,46,4.0,137838.24
185,Profit,Urban,47,0.78,42,7.92,93117.74
683,Public,Urban,18,0.0,46,3.48,140144.44
701,Public,Rural,33,0.49,46,2.24,147623.49
214,Profit,Rural,27,0.47,28,1.78,50647.25
422,Non-Profit,Rural,32,0.16,46,2.11,79166.77
1394,Public,Urban,46,0.62,7,5.78,73099.39
290,Profit,Urban,34,0.76,5,9.23,69211.83
1452,Profit,Urban,37,0.92,24,9.58,72381.77
1619,Public,Rural,24,0.17,31,3.17,106266.35
1523,Profit,Urban,45,0.34,35,1.83,106869.49
1712,Profit,Rural,34,0.53,49,3.95,71054.74
1448,Profit,Urban,20,0.04,43,2.63,93793.53
1183,Public,Urban,25,0.44,47,1.91,62883.66
1183,Public,Urban,39,0.14,7,1.26,57898.64
317,Non-Profit,Rural,13,0.98,5,8.97,100129.93
222,Profit,Urban,38,0.63,39,8.41,100572.5
149,Non-Profit,Urban,12,0.35,22,1.26,102731.95
1628,Profit,Urban,40,0.55,24,,113322.9
1830,Profit,Urban,15,0.36,15,3.26,84532.25
505,Public,Rural,7,0.11,23,2.92,114413.12
540,Profit,Rural,45,0.62,14,7.96,86190.39
1338,Profit,Urban,8,0.37,32,3.36,107699.76
1811,Non-Profit,Urban,1,0.6,44,1.96,70495.52
221,Profit,Urban,34,0.55,11,1.98,31652.3
942,Non-Profit,Urban,17,0.12,32,3.55,110264.48
701,Profit,Rural,37,0.75,9,9.77,40477.13
1228,Profit,Rural,17,0.09,21,1.25,122239.73
1234,Profit,Urban,2,0.53,43,1.16,132554.03
995,Non-Profit,Rural,20,0.49,29,2.79,108417.03
116,Profit,Rural,25,0.16,9,1.09,32342.52
1979,Public,Rural,48,0.38,-1,1.14,60104.14
1050,Non-Profit,Urban,8,0.44,13,2.6,94813.04
1295,Profit,Urban,38,0.21,46,3.18,78515.1
1886,Profit,Rural,20,0.97,8,9.95,58678.09
964,Profit,-,43,0.25,4,1.05,65612.93
761,Non-Profit,Urban,7,0.34,15,3.01,74765.55
147,Public,Rural,14,0.45,-17,1.16,89114.48
984,Non-Profit,Rural,13,0.17,33,1.85,55520.16
1519,Profit,Rural,11,0.2,32,1.99,124420.12
952,Public,Urban,44,0.6,15,2.13,41327.78
163,Profit,Urban,19,0.25,31,,55339.27
939,Profit,Urban,20,0.42,11,,114105.74
1800,Profit,Urban,17,0.53,16,1.15,72985.35
640,Public,Urban,13,0.06,36,3.94,105801.15
615,Non-Profit,Urban,7,0.88,19,6.2,59994.01
85,Non-Profit,Urban,1,0.44,12,1.28,57404.71
1978,Profit,-,36,0.62,14,7.41,42519.35
502,Public,Rural,24,0.58,23,1.35,88901.88
1882,Profit,Urban,48,0.47,7,2.51,33180.92
186,Profit,-,45,0.12,25,1.57,76309.12
681,Profit,Rural,26,0.23,49,2.55,77245.45
215,Non-Profit,-,45,0.82,40,5.28,110551.95
1076,Profit,Urban,45,0.81,39,9.0,98248.54
168,Profit,Urban,24,0.82,14,9.52,119669.51
435,Profit,-,1,0.6,11,2.2,55292.14
1276,Non-Profit,Urban,9,0.62,9,6.53,82895.71
1668,Public,Rural,15,0.1,17,1.72,45200.01
775,Profit,Urban,45,0.45,27,1.03,80504.46
16,Public,Urban,38,0.72,31,9.53,76380.35
908,Profit,Urban,11,0.66,18,6.47,61080.58
1736,Non-Profit,Urban,14,0.05,17,1.76,82650.86
1398,Public,Rural,46,0.47,19,1.16,46420.16
630,Profit,Urban,45,0.22,37,2.38,119548.7
546,Non-Profit,Rural,48,0.26,23,1.82,100622.49
642,Profit,Urban,46,0.28,18,,91001.39
1588,Profit,Rural,24,0.11,17,3.53,118024.52
550,Profit,Rural,29,0.01,35,2.07,121941.61
1764,Non-Profit,Urban,44,0.3,2,1.44,46688.63
1078,Non-Profit,Urban,5,0.1,4,1.57,64740.4
91,Non-Profit,Rural,8,0.97,49,9.43,82343.5
1610,Profit,Urban,38,0.48,33,1.05,94713.5
644,Profit,Rural,5,0.92,7,8.16,113050.91
451,Public,Urban,29,0.96,45,,152025.99
889,Public,Urban,15,0.53,40,1.15,137606.27
1420,Public,Urban,6,0.65,48,7.33,140069.6
648,Profit,Rural,47,0.26,28,1.71,48693.04
1084,Public,Rural,43,0.44,19,1.12,46564.91
1504,Profit,Urban,6,0.05,41,1.92,67565.0
441,Non-Profit,Urban,25,0.38,19,1.08,33463.59
574,Non-Profit,Urban,33,0.4,6,3.2,88146.13
116,Public,Urban,44,0.48,11,1.04,70204.32
1754,Non-Profit,Urban,1,0.84,24,8.47,121227.9
1068,Non-Profit,Urban,38,0.65,16,8.14,79492.34
1539,Profit,Rural,48,0.63,11,8.52,123085.54
1112,Non-Profit,Urban,32,0.89,33,,116723.49
1965,Public,-,18,0.44,41,,94025.43
1147,Public,Rural,22,0.46,28,1.83,101662.91
382,Profit,Urban,18,0.85,10,8.57,101794.64
1890,Profit,Urban,21,0.39,24,3.14,90557.63
1944,Public,Rural,15,0.25,38,1.34,58190.47
169,Profit,Rural,28,0.28,5,3.61,102675.08
345,Profit,Urban,28,0.66,34,5.62,99562.93
850,Profit,Urban,7,0.18,48,3.56,139972.6
1103,Public,Rural,15,0.18,38,2.95,115251.79
64,Public,Urban,2,0.26,-23,1.05,53344.7
945,Profit,Rural,26,0.73,19,5.53,64538.01
90,Profit,Rural,22,0.76,18,7.12,115416.23
1805,Profit,Rural,12,0.59,3,2.3,72243.94
1949,Public,Urban,4,0.17,11,2.26,67257.19
167,Public,Rural,32,0.38,5,3.58,89778.13
307,Public,Urban,32,0.03,27,2.11,70634.26
1799,Public,Urban,40,0.93,49,7.24,136693.46
1042,Profit,Urban,14,0.7,47,8.6,143273.92
1278,Profit,Urban,43,0.09,16,1.65,66775.12
1950,non_profitt,Urban,12,0.13,6,1.36,95273.12
1618,Profit,Urban,30,0.56,7,,25683.42
1223,Profit,Rural,16,0.05,8,3.32,111239.49
362,Non-Profit,Rural,1,0.79,45,7.8,147259.03
1120,Profit,Rural,8,0.82,27,,100805.39
15,Profit,Urban,10,0.74,4,8.4,90119.7
245,Public,Urban,36,0.94,34,5.09,114952.96
625,Public,Urban,13,0.07,27,1.43,93906.91
1387,Public,Urban,5,0.38,34,,96894.42
1241,Non-Profit,-,41,0.19,49,2.31,128712.82
887,Public,Urban,41,0.74,18,9.64,82758.02
1021,Public,-,12,0.83,23,7.34,123946.17
731,Public,Urban,11,0.13,12,3.4,52495.22
1828,Profit,Urban,1,0.98,34,5.8,141627.69
1322,non_profitt,Rural,17,0.55,49,2.79,122208.46
822,Profit,Rural,46,0.17,27,,127994.61
851,Public,Rural,46,0.44,36,,114469.65
1300,Public,Rural,33,0.38,21,1.03,115754.64
1513,Profit,Rural,46,0.79,41,6.97,99697.03
63,Profit,Rural,20,0.64,11,5.93,107798.79
1603,Profit,Urban,5,0.18,39,3.7,102319.02
1127,Public,Rural,34,0.53,32,2.88,126698.73
445,Profit,Rural,4,0.38,42,1.51,65545.27
1947,Profit,Rural,29,0.49,41,,104843.82
1480,Profit,Rural,27,0.4,37,3.7,136238.4
24,Profit,Rural,20,0.21,16,1.01,115872.77
1424,Profit,Urban,32,0.17,39,1.65,54803.13
1434,Profit,Rural,24,0.87,23,9.3,72703.53
484,Public,Rural,26,0.32,46,3.89,147774.96
546,Profit,Rural,5,0.57,26,1.22,123197.51
1330,Profit,Urban,23,0.69,14,5.19,107277.57
1647,Profit,-,48,0.56,45,1.58,72044.77
358,Non-Profit,Rural,30,0.61,19,7.78,55858.27
1636,Profit,Rural,36,0.34,40,1.78,105470.28
1087,Profit,Rural,9,0.75,48,8.13,120173.24
1162,Public,-,30,0.2,34,1.25,79972.17
677,Profit,Urban,35,0.91,36,6.93,103024.28
612,non_profitt,Urban,3,0.06,38,2.77,143155.54
338,Public,Rural,21,0.83,45,6.5,67411.14
638,Public,Rural,2,0.19,4,1.27,87269.25
1700,Profit,Urban,23,0.12,31,1.21,130248.65
1098,non_profitt,Rural,16,0.92,36,7.95,131213.99
424,Profit,Urban,1,0.02,46,2.3,135990.49
1624,Profit,Urban,35,0.94,14,6.2,42730.67
904,Public,Urban,20,0.56,35,3.4,139610.02
1618,Profit,Urban,3,0.61,20,7.51,76596.23
1155,Profit,Rural,31,0.8,37,7.17,145943.56
628,Profit,Urban,32,0.57,44,2.75,71241.13
1202,Profit,Urban,1,0.68,13,,74176.11
1421,Profit,Rural,36,0.23,16,3.0,46280.79
1930,Profit,Rural,39,0.58,8,1.35,58656.98
45,Profit,Rural,18,0.19,22,3.89,117257.13
386,Public,Rural,37,0.72,45,9.23,96265.38
1392,Non-Profit,Rural,4,0.89,21,6.65,113838.67
1539,Public,Urban,42,0.65,4,6.87,44155.07
1679,Profit,Rural,47,0.23,8,1.29,90503.51
959,Profit,Urban,22,0.23,28,3.98,60552.33
653,Non-Profit,Urban,26,0.58,9,1.55,79973.86
1963,Profit,Urban,15,0.81,34,8.66,117882.49
1608,Profit,Urban,15,0.53,37,3.6,122332.06
1077,Public,Rural,31,0.69,10,7.13,58633.87
858,Public,Urban,22,0.54,33,2.94,114886.91
1427,Profit,Rural,43,0.11,47,3.32,116911.41
626,Profit,Urban,16,0.53,26,1.49,87908.04
507,Profit,Rural,35,0.95,-45,7.46,142905.71
762,Profit,Urban,27,0.0,20,2.9,65655.68
1164,Profit,Urban,41,0.83,29,6.69,68993.59
1018,Public,Rural,10,0.28,14,,48426.82
1889,Profit,-,35,0.15,36,3.82,119401.6
1489,Profit,Rural,17,0.89,6,8.65,112649.67
1984,Non-Profit,Urban,32,0.94,13,6.21,63457.25
940,Profit,Urban,20,0.73,3,9.31,100399.08
1524,Public,Urban,21,0.85,15,7.93,101390.53
325,Public,Rural,24,0.89,30,5.91,84105.68
29,Profit,Urban,5,0.44,26,2.19,103678.33
873,Public,Rural,25,0.08,37,1.32,77507.48
1698,Profit,Urban,21,0.97,22,5.76,107741.98
1402,Non-Profit,Urban,40,0.53,47,3.82,69919.24
1975,Public,Urban,3,0.98,24,6.62,129042.88
354,Profit,Rural,49,0.24,2,1.71,46158.34
941,Profit,Urban,10,0.09,49,3.19,154390.47
20,Profit,Urban,23,0.61,35,7.59,86837.57
271,Public,Urban,35,0.55,6,2.31,82961.55
1945,Non-Profit,Rural,44,0.75,32,5.91,62915.27
1433,Public,Urban,25,0.1,21,1.22,87594.32
29,Public,Rural,46,0.23,6,2.88,49475.09
362,Public,Urban,25,0.19,17,3.37,107962.66
967,Public,Urban,28,0.88,49,8.24,124523.86
1436,Profit,Rural,46,0.86,39,9.32,127261.25
1195,Public,Rural,26,0.57,4,1.97,73153.99
1326,Profit,Urban,47,0.07,2,2.54,41023.28
14,Profit,Urban,18,0.66,41,8.12,120017.57
1011,Public,-,23,0.45,42,3.62,98717.49
1877,Profit,Rural,15,0.91,22,7.41,78599.98
429,Public,Urban,28,0.71,44,9.27,122344.3
1877,Profit,Urban,15,0.06,30,1.87,48408.7
1793,Profit,Urban,42,0.71,21,7.46,58626.11
915,Non-Profit,Rural,13,0.68,2,6.44,40018.57
1958,Profit,Rural,37,0.55,26,3.29,61066.85
193,Non-Profit,Rural,7,0.94,45,8.19,102233.25
1206,Profit,Urban,1,0.38,2,3.18,100474.31
1066,Profit,Rural,34,0.06,15,2.41,106663.03
1578,Profit,Urban,37,0.99,43,8.25,94643.4
1820,Profit,Urban,39,0.94,16,6.21,122865.19
138,Profit,Rural,20,0.04,19,3.4,88192.24
1083,Non-Profit,Urban,36,0.43,36,3.97,97766.71
1396,Public,Rural,14,0.98,-4,8.65,68258.97
1837,Profit,Urban,41,0.25,27,2.2,103103.35
563,Public,Rural,34,0.27,-46,1.68,95304.89
1283,Profit,Urban,9,0.83,42,,135021.57
1571,Public,-,7,0.44,35,2.05,51998.06
513,Profit,Urban,38,0.45,-3,1.13,93544.1
812,Profit,Urban,21,0.1,43,1.89,143815.96
529,Non-Profit,Urban,28,0.23,19,2.95,51773.37
373,Public,Rural,48,0.01,48,2.09,110011.53
1808,Non-Profit,Urban,22,0.82,4,7.49,104998.18
1364,Public,Urban,10,0.64,45,7.95,141893.84
1195,Public,Rural,23,0.1,12,1.66,97339.98
1485,Profit,Urban,16,0.47,38,2.48,130812.47
1150,Profit,Urban,47,0.79,25,9.62,117747.32
1687,non_profitt,Urban,29,0.4,34,3.82,54800.03
1445,Public,Rural,15,0.78,2,9.58,28173.87
1399,Non-Profit,Urban,34,0.97,19,9.65,75710.41
1046,Profit,Rural,18,0.25,-43,1.87,110005.38
330,Non-Profit,Urban,43,0.01,8,2.0,75104.64
539,Public,Urban,34,0.78,45,5.72,90923.7
320,Profit,Rural,6,0.18,27,3.35,115546.79
1140,Profit,Urban,4,0.34,9,1.88,99369.42
1930,Profit,Urban,28,0.2,12,2.33,68106.55
822,Non-Profit,Rural,46,0.87,46,7.72,137536.49
943,Public,Urban,21,0.04,12,2.61,34267.6
1956,Public,-,41,0.19,40,2.64,78507.77
1540,Profit,Urban,19,0.79,28,8.18,92385.46
285,Public,-,12,0.68,28,6.51,91218.39
1505,Profit,Rural,46,0.4,23,,63404.34
705,Profit,Urban,14,0.3,36,2.9,79675.58
1216,Profit,Urban,39,0.12,7,1.77,96022.22
941,Profit,-,32,0.18,29,2.1,65591.55
632,non_profitt,Urban,48,0.52,41,2.93,77149.83
463,Profit,Rural,3,0.09,46,1.53,136678.26
1054,Non-Profit,Urban,16,0.86,18,7.9,128151.85
842,Profit,Urban,30,0.76,18,7.81,71353.89
902,Public,Urban,19,0.31,49,3.8,156115.42
1352,Non-Profit,Urban,19,0.93,10,8.69,74146.08
1933,Profit,Rural,24,0.48,45,2.56,61016.8
406,Public,Urban,13,0.36,29,2.63,102164.67
1096,Profit,Rural,35,0.16,-23,3.97,89889.38
307,Public,Urban,25,0.85,8,8.6,100084.41
739,Profit,Urban,1,0.41,15,2.78,61318.55
1040,Non-Profit,Urban,24,0.36,26,2.04,112378.55
668,Profit,Urban,42,0.85,31,7.39,69334.47
525,Profit,Urban,42,0.88,19,6.25,116296.4
1024,Public,Urban,41,0.81,-2,7.91,57525.54
1192,Profit,-,32,0.38,23,1.42,39383.17
268,Profit,Rural,5,0.53,15,3.64,117809.59
662,Profit,Urban,42,0.72,27,7.7,76472.24
741,Profit,-,3,0.12,35,1.31,104791.97
441,Profit,Urban,22,0.88,33,8.0,100844.18
153,Public,Urban,25,0.03,2,1.57,40532.34
1646,Public,Rural,23,0.36,5,2.64,46697.88
1264,Profit,Urban,43,0.51,6,3.65,74483.23
341,Profit,Urban,18,0.84,7,9.65,57619.51
401,Public,Urban,9,0.03,31,2.93,121634.79
1780,Public,Urban,45,0.92,20,7.62,98868.22
909,Public,Urban,2,0.23,41,1.06,105496.38
1050,Non-Profit,Urban,4,0.81,14,9.99,103929.16
847,Profit,Rural,7,0.12,34,,51911.97
45,Profit,Urban,42,0.07,1,2.37,31492.48
490,Profit,Rural,38,0.23,18,3.03,62904.37
488,Public,Rural,30,0.34,24,2.58,51178.89
192,Profit,Urban,33,0.84,8,,59906.24
129,Profit,Urban,2,0.03,47,3.92,68971.03
79,Non-Profit,Urban,36,0.99,45,5.3,134367.56
1683,Non-Profit,Urban,33,0.99,48,5.16,140066.99
66,Profit,Urban,35,0.29,44,2.75,96567.28
147,Public,Urban,33,0.51,4,1.75,40684.21
722,Non-Profit,Urban,3,0.95,29,7.18,128229.55
154,Public,Urban,15,0.78,21,5.19,57368.73
1641,Non-Profit,Urban,46,0.81,1,6.88,70154.89
427,Public,Urban,12,0.67,2,7.4,56178.71
1343,Non-Profit,Rural,16,0.56,44,3.28,120686.22
455,Profit,Rural,33,0.62,13,9.51,108558.09
27,Profit,Urban,29,0.16,1,1.57,63048.36
1972,Profit,Urban,40,0.94,39,5.04,99333.75
98,Profit,Urban,8,0.95,42,8.95,134727.6
1888,Non-Profit,Urban,17,0.17,15,1.76,39581.63
312,Public,Urban,35,0.73,39,5.23,97302.15
1180,Profit,Urban,8,0.43,-2,,25247.7
1574,Public,Urban,21,0.79,47,5.39,94186.78
1055,Profit,Rural,17,0.31,46,3.34,99520.92
491,Public,Rural,7,0.51,22,2.28,57676.4
1190,Profit,Urban,35,0.98,46,5.38,138183.83
813,Profit,Rural,45,0.15,25,2.42,114340.44
1503,Profit,Rural,45,0.38,14,2.03,95379.94
1354,Non-Profit,Rural,24,0.2,37,3.4,72518.45
1751,Profit,Urban,46,0.32,6,1.92,50786.83
1120,Public,Urban,2,0.73,30,8.16,135356.38
736,Profit,Urban,25,0.26,10,1.13,103396.98
1700,Profit,Urban,19,0.82,13,8.85,46098.32
218,Non-Profit,Urban,1,0.03,17,3.97,53186.97
1877,Public,Urban,38,0.14,12,3.99,112209.67
259,Public,Rural,22,0.77,44,9.19,71251.19
1562,Public,Rural,24,0.53,14,2.56,112306.85
226,Profit,Urban,23,0.29,45,2.48,108816.92
389,Profit,Rural,16,0.3,-32,2.01,123859.04
1018,Profit,-,10,0.47,43,3.52,66558.73
777,non_profitt,Urban,20,0.63,3,8.15,73528.05
1492,Public,-,19,0.45,6,2.58,90429.35
685,Public,Rural,16,0.65,24,5.46,85878.39
627,Public,Rural,13,0.66,7,9.82,103399.93
1392,Profit,Rural,41,0.51,15,3.98,69352.47
1886,Public,Urban,16,0.4,18,2.57,117440.97
1643,Public,Urban,1,0.59,6,3.64,107183.04
1510,Profit,Urban,29,0.3,32,3.43,101038.96
306,Non-Profit,Rural,23,0.43,24,,107831.77
1518,Public,Rural,44,0.66,48,5.74,115862.1
242,Non-Profit,Urban,27,0.93,8,7.5,52413.9
378,Profit,Urban,12,0.72,11,9.62,59235.61
906,Profit,Rural,37,0.04,30,,70846.04
194,Public,Urban,2,0.34,26,,54419.59
633,Public,Rural,5,0.36,36,,69161.69
41,Non-Profit,Rural,11,0.55,28,1.67,75615.68
1895,Profit,Rural,42,0.3,2,1.08,64325.79
153,Public,Urban,19,0.07,15,1.76,78532.43
909,Public,Urban,19,0.52,42,3.7,134825.32
215,Profit,Urban,49,0.18,4,1.17,90726.83
432,Profit,Urban,16,0.58,1,2.46,39045.21
115,Profit,Rural,29,0.77,10,8.86,53574.04
1704,Public,Rural,16,0.34,29,3.95,78657.43
1033,Profit,Rural,9,0.4,35,3.49,57055.43
856,Non-Profit,Rural,46,0.13,22,2.8,77130.0
1497,Non-Profit,Rural,24,0.31,15,3.68,78633.45
1501,Profit,Urban,22,0.54,1,1.31,61572.12
235,Profit,Urban,36,0.31,6,2.5,94710.14
1464,Profit,Rural,15,0.88,24,9.35,84453.31
1887,Profit,Urban,35,0.18,42,,68715.81
964,Non-Profit,Rural,3,0.81,46,9.94,78140.91
40,Public,Rural,24,0.85,13,9.09,103182.58
467,Public,Rural,30,0.39,3,1.25,79843.34
460,Profit,Urban,31,0.49,37,3.02,58427.41
934,Non-Profit,Urban,40,0.09,38,2.45,142140.01
1193,Profit,Urban,23,0.93,44,7.78,143088.45
512,Public,Urban,19,0.85,23,7.75,64969.77
1245,Profit,Urban,10,0.92,-39,9.65,122180.78
1391,Non-Profit,Rural,40,0.48,38,3.86,90808.12
1789,Profit,Rural,36,0.46,39,2.11,59957.21
393,Profit,Urban,17,0.6,44,2.19,101293.32
991,Public,Urban,39,0.13,8,,111413.53
1726,Non-Profit,Urban,45,0.9,29,8.84,65433.29
1144,Profit,Urban,28,0.03,41,1.65,118626.63
1600,Profit,-,49,0.34,17,1.74,114676.97
1119,Profit,Urban,20,0.2,18,3.35,106620.15
136,Profit,Urban,32,0.36,27,2.77,80257.02
1307,Non-Profit,-,18,0.03,21,3.46,73809.44
158,Public,Rural,40,0.3,19,2.0,49804.35
751,Profit,Urban,46,0.72,40,8.67,76214.51
1288,Profit,Urban,20,0.36,15,2.92,115533.61
1012,Public,-,20,0.34,4,2.67,20646.13
778,Profit,Rural,7,0.42,32,2.07,129941.49
117,Profit,Rural,35,0.5,5,3.66,45600.45
638,Profit,Urban,48,0.96,34,9.54,126027.53
244,Profit,Urban,24,0.45,24,1.81,88966.7
443,Public,Urban,49,0.61,14,9.7,61650.3
62,Profit,Urban,5,0.32,11,1.88,92127.29
1390,Non-Profit,Rural,16,0.59,33,3.07,112142.68
408,Profit,Urban,16,0.63,4,6.08,65832.2
260,Profit,Urban,40,0.77,1,8.33,34486.46
1287,Non-Profit,Rural,45,0.32,21,3.28,78038.03
1177,Profit,Rural,46,0.31,30,1.94,73844.55
1876,non_profitt,Urban,19,0.4,-4,2.0,22959.05
844,Public,Urban,45,0.14,32,1.24,66224.21
89,Non-Profit,Urban,17,0.08,36,2.39,66656.34
686,Public,Urban,13,0.25,21,2.65,112509.64
695,Profit,Urban,1,0.47,29,1.89,45584.74
1927,Public,Rural,48,0.33,32,1.64,131565.5
48,Profit,Urban,26,0.84,34,6.5,109455.68
656,Profit,Rural,24,0.45,44,1.51,92175.46
881,Non-Profit,Urban,40,0.11,39,3.79,87076.23
1557,Profit,-,8,0.66,40,,102156.13
888,Profit,Rural,21,0.43,19,1.63,103992.1
848,Non-Profit,Urban,42,0.14,18,1.45,33085.63
1815,Profit,Urban,21,0.04,19,1.93,68102.51
801,Public,-,11,0.2,16,2.69,73057.39
871,Public,Rural,22,0.63,5,7.26,109058.27
1689,Profit,Rural,37,0.12,21,2.6,48925.18
1116,Profit,Rural,17,0.42,24,2.26,107410.28
1365,Profit,Rural,28,0.58,38,2.2,124119.1
1527,Public,Rural,22,0.85,14,5.25,60685.28
281,Non-Profit,Rural,31,0.49,12,1.12,34578.81
1478,Profit,Rural,2,0.57,34,2.46,118676.33
365,Profit,Urban,5,0.45,39,3.7,92765.55
62,Profit,Urban,17,0.47,28,,83068.98
629,Public,Rural,8,0.84,8,6.39,113106.48
1022,Profit,Urban,41,0.78,6,9.69,58916.25
519,Profit,Urban,3,0.35,27,3.34,54044.63
1394,Profit,Rural,35,0.55,13,2.85,87250.28
1428,Profit,Rural,10,0.74,-8,9.53,34689.59
951,Public,Urban,35,0.03,12,3.57,37852.83
565,Non-Profit,Urban,23,0.47,20,1.52,52525.72
1768,Profit,Urban,20,0.76,26,5.62,93089.52
413,Profit,Rural,35,0.96,34,9.14,106817.77
400,Profit,Urban,36,0.16,11,3.79,61907.53
472,Profit,Urban,22,0.12,48,2.78,108367.31
518,Profit,Rural,43,0.41,28,1.2,54006.22
625,Public,Urban,40,0.19,32,2.7,137233.23
185,Public,Rural,4,0.2,26,2.74,47242.7
535,Profit,Urban,37,0.41,39,3.72,103204.93
1933,Public,Rural,19,0.38,30,1.38,120119.55
1168,Public,Urban,39,0.56,32,1.85,59801.41
388,Profit,Rural,28,0.08,25,1.7,50929.99
466,Public,Urban,14,0.81,35,8.5,87810.18
375,Public,Urban,35,0.42,38,1.22,137906.61
808,Public,-,40,0.84,44,8.98,109828.19
424,Non-Profit,Urban,44,0.49,33,3.3,115828.89
1721,Public,Urban,41,0.17,12,2.65,85509.22
120,Non-Profit,Urban,33,0.93,27,6.33,62902.36
1212,Profit,Urban,20,0.64,46,9.74,97429.51
864,Profit,Urban,34,0.21,44,3.65,114104.73
1446,Non-Profit,Urban,49,0.03,29,2.0,132857.12
1847,Profit,Urban,35,0.55,15,2.25,85481.02
390,Profit,Rural,40,0.24,27,2.0,110472.99
1285,Public,Rural,46,0.88,16,8.13,123312.15
1579,Public,-,15,0.2,31,2.45,46435.0
144,Public,Rural,16,0.76,37,5.48,90381.47
1779,Profit,Urban,11,0.4,23,3.44,116300.92
731,Public,-,24,0.52,24,3.22,85795.23
957,Profit,Urban,6,0.79,39,9.55,99426.93
247,Public,Rural,19,0.45,19,1.0,81158.78
758,Profit,Rural,31,0.78,40,8.22,93758.05
226,Public,Rural,13,0.95,8,8.57,94805.67
1634,Public,Rural,49,0.14,41,2.96,83594.86
410,Non-Profit,Rural,48,0.78,26,5.39,51384.1
1763,Non-Profit,Urban,21,0.09,16,3.99,70089.13
709,Profit,Rural,42,0.98,14,7.28,78349.78
1702,Non-Profit,Rural,24,0.11,13,,98326.23
1182,Public,Rural,9,0.14,42,3.69,146613.99
228,Profit,-,49,0.38,26,,51350.44
211,Profit,Rural,40,0.82,7,5.66,71808.33
1665,Profit,Urban,48,0.29,49,3.56,104738.53
1323,Profit,Rural,5,0.28,44,3.4,92240.93
1542,Profit,Rural,39,0.46,13,3.39,48601.78
879,Profit,Urban,33,0.89,27,7.43,87449.44
1806,Profit,Urban,38,0.57,34,1.64,67015.19
1345,Non-Profit,-,22,0.35,45,2.85,91123.92
1972,Profit,Urban,46,0.54,1,3.41,69846.1
646,Non-Profit,Urban,28,0.5,47,3.37,82864.29
1403,Public,Urban,5,0.81,11,8.94,92318.39
1688,Public,Urban,44,0.21,20,1.6,74402.99
523,Public,-,2,0.75,27,,83094.0
1290,Profit,-,17,0.64,17,8.66,63340.64
113,Profit,Urban,22,0.69,21,9.21,73974.98
1198,Profit,Urban,33,0.21,22,1.93,47820.42
19,Profit,Rural,16,0.88,21,8.52,52436.26
1208,Profit,Urban,30,0.2,10,1.9,83892.37
1880,Profit,-,11,0.3,27,4.0,55044.77
857,Profit,Urban,41,0.47,44,2.96,111709.96
1116,Profit,Rural,43,0.96,1,5.46,41145.32
725,Profit,Rural,21,0.6,27,2.47,93478.64
121,Profit,Urban,45,0.44,26,3.15,128711.71
1186,Profit,Urban,12,0.47,5,,79908.83
362,Public,Urban,35,0.94,47,8.12,139446.41
376,Non-Profit,Urban,1,0.34,14,2.21,90704.03
985,Profit,Rural,34,0.17,35,3.58,71485.66
3,Public,Urban,46,0.64,21,6.12,111956.69
221,Non-Profit,Urban,40,0.35,34,3.08,88119.6
1625,Non-Profit,Urban,41,0.88,35,9.74,83184.37
114,Public,Urban,49,0.22,19,3.56,39501.06
1310,Non-Profit,Urban,18,0.42,22,2.31,121118.28
452,Profit,Rural,13,0.79,30,5.69,77265.81
461,Profit,Urban,25,0.84,30,7.62,77688.59
39,Non-Profit,Rural,10,0.38,40,,142589.61
1774,Public,Rural,35,0.59,43,1.34,67857.42
1330,Profit,Urban,46,0.37,17,1.26,112720.55
693,Non-Profit,Urban,39,0.42,-21,2.97,95745.18
1219,Profit,Rural,44,0.64,18,7.14,79443.79
1408,Profit,Urban,5,0.77,1,9.13,32239.06
1831,Public,Rural,42,0.7,25,9.38,129437.26
1653,Public,Rural,19,0.63,14,9.09,99041.33
1259,Non-Profit,-,45,0.95,28,8.59,86838.67
1719,Public,Urban,22,0.73,3,7.98,41202.14
1801,Profit,Urban,44,0.37,43,2.39,109089.35
131,Public,Rural,30,0.51,14,2.95,54450.39
825,Public,Urban,28,0.91,36,9.55,71495.65
1529,Public,Rural,26,0.57,36,2.37,82054.02
1268,Public,Rural,22,0.85,24,9.83,86683.62
1010,Non-Profit,Urban,4,0.32,21,2.52,85096.56
92,Public,Urban,24,0.91,39,8.17,117185.93
1108,Profit,Rural,44,0.93,30,6.72,57429.54
1469,Non-Profit,Rural,16,0.37,47,,135310.32
1566,Profit,Rural,41,0.82,38,7.79,72804.68
181,Profit,-,47,0.82,4,7.03,86209.24
300,Public,Urban,26,0.88,39,6.34,92060.99
970,Non-Profit,Urban,13,0.49,21,3.57,57699.55
540,Public,-,45,0.71,6,6.87,53252.97
394,Public,Urban,27,0.03,25,3.65,51109.02
223,Profit,Urban,11,0.66,17,5.51,124462.78
1647,Profit,Urban,2,0.39,46,,89273.6
933,Profit,Rural,13,0.74,22,7.21,89485.55
1370,Profit,Rural,25,0.6,22,1.61,79267.97
131,Profit,Rural,26,0.82,19,9.34,129959.84
102,Profit,Rural,5,0.19,42,,138595.73
105,Profit,Urban,8,0.85,4,,68321.9
947,Non-Profit,Urban,19,0.89,17,9.07,80820.5
439,Public,Rural,25,0.24,36,2.57,62039.45
1943,Non-Profit,Urban,21,0.01,12,2.02,73768.71
1249,Public,Rural,27,0.29,27,1.95,85584.06
121,Profit,-,31,1.0,-5,7.63,107759.92
1696,Non-Profit,Rural,29,0.8,6,,76878.91
54,Profit,Urban,4,0.89,44,6.75,78166.69
1108,Public,Urban,19,1.0,43,8.51,100960.23
361,Public,Rural,22,0.59,25,2.66,111109.16
444,Profit,Urban,19,0.88,45,9.16,109614.89
1445,Profit,-,16,0.95,25,8.53,126514.86
644,Profit,Rural,12,0.84,26,8.3,84405.56
846,Profit,Urban,20,0.61,40,8.04,99309.7
1203,Profit,Urban,40,0.58,20,2.42,124435.63
1012,Public,Rural,1,0.45,36,1.56,115974.82
389,Profit,Urban,14,0.67,6,,87172.63
1737,Public,Rural,19,0.93,35,5.38,109171.27
710,Profit,Urban,9,0.53,25,2.51,98442.87
582,Public,Urban,18,0.96,33,5.52,128600.68
962,Public,Urban,4,0.29,41,3.02,83701.82
1690,Public,Urban,32,0.35,11,3.31,83699.78
1120,Public,Urban,36,0.17,2,3.49,78683.22
1798,Public,Rural,44,0.94,21,8.79,102062.58
244,Profit,Urban,6,0.86,43,8.21,116116.41
329,Profit,Rural,38,0.61,12,8.44,115407.22
1186,Public,Urban,28,0.5,18,2.41,117193.6
128,Profit,Urban,10,0.38,39,1.16,58705.43
1677,Non-Profit,Rural,20,0.79,47,7.05,103014.29
54,Non-Profit,Urban,27,0.97,28,6.51,80958.39
621,Non-Profit,Urban,45,0.69,20,,55759.89
449,Public,Urban,29,0.68,24,7.85,99851.77
1302,Profit,Rural,5,0.79,22,7.81,78574.55
1036,Profit,Rural,38,0.09,10,1.97,106360.82
1298,Non-Profit,Urban,27,0.57,40,1.7,137237.74
1111,Profit,-,30,0.82,5,8.27,31447.38
838,Public,Rural,31,0.75,16,6.11,49656.85
1396,Profit,Urban,9,0.8,21,5.84,105147.14
1604,Profit,Urban,38,0.4,18,3.14,112359.6
1116,Profit,Urban,20,0.7,41,7.43,146733.44
1243,Profit,Urban,33,0.5,24,3.28,92881.04
179,Profit,Urban,39,0.19,28,3.95,78028.86
1522,Non-Profit,-,23,1.0,15,5.4,45246.2
521,Profit,Urban,14,0.21,23,,90102.61
1681,Non-Profit,Rural,17,0.13,10,2.08,65026.28
1241,Public,Urban,39,0.73,4,7.38,114216.3
1039,Public,Rural,1,0.14,30,3.81,133271.64
1795,Public,Urban,39,0.54,31,1.0,81266.55
631,Non-Profit,Urban,4,0.76,46,7.73,133406.69
169,Public,Rural,39,0.74,-11,9.08,80362.42
1583,Public,Urban,47,0.7,-13,7.45,104367.33
914,Public,Rural,8,0.99,45,8.1,146416.48
1320,Profit,Rural,32,0.47,42,3.64,63984.17
685,Profit,Rural,20,0.5,29,2.05,72743.62
415,Profit,-,4,0.34,44,1.93,113168.52
507,Public,Urban,14,0.92,8,,103255.8
545,Profit,Rural,18,0.93,5,9.88,101211.65
1799,Profit,Urban,40,0.82,16,6.65,89826.4
473,Public,Rural,39,0.63,29,7.22,52042.99
113,Public,Urban,3,0.86,16,9.18,92949.36
92,Profit,Rural,15,0.34,6,2.37,108235.95
1108,Non-Profit,Rural,36,0.74,4,7.96,80044.47
544,Profit,Urban,47,0.06,6,3.5,46353.86
619,Profit,Rural,16,0.63,49,6.41,73723.01
327,Non-Profit,Urban,32,0.75,14,6.13,57833.01
363,Public,Rural,9,0.72,29,7.59,100966.14
1429,Public,Urban,14,0.55,28,1.83,122672.68
1662,Profit,Urban,10,0.65,22,9.55,121561.47
676,Profit,Urban,33,0.79,36,6.79,105665.21
791,Profit,Rural,46,0.05,11,1.96,45477.31
157,Public,Urban,9,0.47,7,2.94,50494.01
1919,Profit,Urban,45,0.37,40,2.64,99229.88
275,Public,Urban,16,0.14,49,1.03,73005.28
994,Profit,Urban,27,0.62,42,5.5,100594.78
1958,Profit,Rural,7,0.2,17,,70777.36
213,Non-Profit,Urban,19,0.34,41,3.2,111522.18
1877,Non-Profit,Urban,6,0.86,45,5.36,67029.94
60,non_profitt,Urban,11,0.66,24,5.16,112093.52
1214,Non-Profit,Rural,11,0.42,-4,3.58,81891.19
1679,Profit,Urban,7,0.63,24,6.58,70256.15
703,Public,Urban,16,0.94,8,5.35,51349.87
539,Non-Profit,Urban,43,0.96,14,,106239.78
1142,Profit,Urban,29,0.55,40,2.71,108847.26
962,Non-Profit,Urban,36,0.17,6,,98284.39
870,Public,Urban,27,0.37,38,2.64,135385.08
1979,Profit,Urban,48,0.03,29,2.53,101763.91
1779,Profit,Rural,28,0.86,14,6.47,59101.18
1981,Profit,Urban,9,0.23,35,3.2,118170.29
578,Public,Rural,29,0.59,14,3.76,49833.39
174,Non-Profit,Urban,26,0.21,35,2.53,135117.34
750,Profit,Urban,44,0.25,23,2.47,122191.19
562,Profit,Rural,14,0.11,30,3.02,53884.52
432,Public,Urban,16,0.77,26,9.47,76677.51
1158,Profit,Rural,27,0.57,19,3.49,55243.39
167,Non-Profit,Urban,17,0.73,46,9.43,144765.32
546,Profit,Rural,21,0.2,43,2.4,114312.66
1891,Profit,Rural,34,0.01,36,3.34,70073.51
309,Non-Profit,Urban,26,0.17,3,2.24,99826.75
1563,Profit,Rural,2,0.66,27,8.09,81100.4
321,Profit,Urban,44,0.84,34,5.9,85226.8
1278,Public,Rural,13,0.43,45,1.88,97620.71
1907,Profit,Rural,10,0.9,1,7.23,69951.5
947,Profit,Rural,47,0.14,14,2.26,42870.11
248,Profit,Urban,38,0.39,45,3.46,151915.44
1420,Profit,Rural,23,0.97,10,9.02,35205.16
493,Profit,Rural,18,0.87,33,8.62,77420.88
513,Profit,Urban,26,0.97,18,8.65,53679.35
635,Profit,-,24,0.83,2,5.39,40891.02
905,Public,Rural,23,0.09,43,2.46,131429.56
1652,Non-Profit,Urban,3,0.54,31,2.33,64845.45
88,Profit,Urban,22,0.6,44,3.34,111284.31
452,Non-Profit,Rural,38,0.18,48,1.03,84004.75
1135,Non-Profit,Urban,14,0.18,8,2.95,42474.87
888,Non-Profit,-,32,0.05,7,3.6,110130.87
1947,Profit,Urban,10,0.29,15,2.28,81996.96
824,Non-Profit,Rural,2,0.34,41,2.78,114412.69
1875,Public,Rural,15,0.68,36,6.62,64392.62
1230,Public,Rural,13,0.25,-33,1.71,112075.37
1336,Profit,Urban,10,0.29,16,2.44,41824.72
814,Profit,Urban,39,0.45,24,3.42,112905.17
507,Non-Profit,Urban,33,0.61,28,7.67,127608.4
1290,Profit,Urban,40,0.33,17,3.08,81747.53
991,Profit,Rural,10,0.35,29,2.17,103431.54
1897,Profit,Urban,38,0.71,4,6.82,33654.27
1654,Profit,Urban,45,0.71,15,6.37,113751.29
352,Profit,-,35,0.17,44,1.67,58637.11
79,Public,Urban,45,0.81,37,5.46,69078.84
736,Non-Profit,Urban,11,0.74,10,9.0,89829.6
166,Non-Profit,Urban,19,0.83,44,6.2,107501.13
1267,Public,Rural,27,0.82,11,5.27,89617.29
296,Public,-,7,0.57,35,3.54,58395.33
1237,Profit,Urban,38,0.87,8,,80052.29
1572,Profit,Rural,9,0.7,24,7.7,70735.75
131,Profit,Rural,44,0.32,23,1.06,58619.68
1954,Non-Profit,Urban,44,0.77,15,8.32,57748.84
1367,Profit,Urban,38,0.62,43,5.66,89428.37
397,Profit,Urban,16,0.41,38,2.85,65253.56
794,Profit,Rural,36,0.09,6,1.08,35583.53
1757,Profit,Rural,45,0.49,1,1.87,64037.97
617,non_profitt,Urban,10,0.96,6,9.66,67088.04
1509,Profit,Urban,32,0.69,2,9.74,95531.19
1113,Non-Profit,Urban,17,0.32,18,1.64,36678.84
153,Profit,Urban,4,0.09,24,2.78,82460.17
1116,Profit,Urban,16,0.27,3,3.11,27185.51
1192,Non-Profit,Urban,11,0.26,1,1.81,92730.39
417,Profit,Urban,20,0.12,24,3.58,45160.53
136,Profit,Rural,37,0.68,35,7.91,121033.27
1104,Profit,Rural,21,0.93,16,7.58,45786.03
1307,Profit,Urban,34,0.67,31,7.37,143479.99
1590,Public,Rural,8,0.36,4,1.27,99597.92
662,Public,Rural,7,0.34,2,1.54,54695.07
1619,Profit,Rural,41,0.51,5,2.56,101927.95
1684,Non-Profit,Urban,36,0.33,29,1.4,55554.62
436,Profit,Rural,2,0.69,46,,145835.51
538,Profit,Rural,7,0.54,20,1.52,113716.58
1882,Non-Profit,Rural,41,0.3,46,3.8,99142.0
773,Profit,Rural,42,0.33,21,1.17,106477.28
1024,Profit,Rural,5,0.8,37,7.52,65191.46
820,Public,Rural,35,0.83,18,8.31,93615.55
1506,Public,Urban,17,0.02,48,,75638.19
1359,Public,Urban,8,0.03,47,2.22,144045.65
170,Public,Urban,39,0.9,43,5.42,79657.62
1618,Profit,Urban,39,0.46,21,2.83,39987.53
622,Profit,Urban,12,0.15,13,3.73,111039.87
494,Profit,Urban,22,0.95,46,5.24,140069.04
191,Profit,Urban,27,0.22,11,1.09,42912.73
1652,Profit,Urban,8,0.57,43,3.72,94066.35
730,Public,Urban,34,0.59,26,3.45,100568.73
1230,Profit,Urban,22,0.94,30,6.15,126488.85
1376,Profit,Urban,9,0.42,18,1.02,51401.44
1068,Profit,Urban,5,0.9,25,6.2,51273.56
320,Profit,Urban,17,0.98,24,8.93,56328.01
1900,Non-Profit,Rural,47,0.04,29,1.67,114367.05
361,Profit,Rural,37,0.51,8,2.65,106333.04
1822,Non-Profit,Urban,42,0.02,28,1.6,43665.53
586,Profit,Urban,13,0.16,7,1.24,96273.6
898,non_profitt,Rural,16,0.94,35,,84859.76
780,Public,-,22,0.47,46,1.37,136405.95
46,Profit,Rural,15,0.81,9,6.87,115459.56
1689,Public,Rural,16,0.78,35,9.25,108025.83
526,Profit,Urban,34,0.14,38,2.82,132836.55
479,Public,Rural,7,0.25,43,1.18,81354.94
1582,Profit,Urban,43,0.88,29,5.2,127196.2
79,Non-Profit,Rural,44,0.12,42,2.89,126870.53
1818,Profit,Rural,16,0.02,36,1.1,77665.27
258,Public,Rural,43,0.13,40,3.06,93191.54
1796,Profit,Urban,16,0.81,38,6.12,102728.74
548,Profit,Urban,16,0.91,5,9.34,116166.14
1916,Profit,Urban,10,0.74,32,9.78,114573.56
852,Public,Urban,41,0.75,7,6.29,104700.27
1042,Profit,Urban,17,0.19,14,1.83,74184.99
1647,Public,Urban,28,0.18,16,3.33,122774.39
637,Public,-,38,0.91,4,8.59,33410.08
1866,Profit,Urban,27,0.78,-24,,138457.9
127,Non-Profit,Rural,5,0.85,28,8.16,72255.0
964,Non-Profit,Rural,23,0.8,6,7.57,63650.13
1905,Profit,Rural,11,0.05,13,3.03,81348.15
236,Profit,Urban,15,0.91,16,9.31,107507.24
103,Profit,Urban,20,0.34,21,3.24,125642.49
1432,Profit,Urban,49,0.95,28,,98704.83
339,Public,Rural,37,0.6,3,2.39,32573.87
1265,Non-Profit,Urban,17,0.27,32,1.49,55458.45
22,Public,Urban,22,0.3,28,,130429.2
1126,Profit,Urban,10,0.88,19,6.36,111288.8
325,Public,Urban,8,0.54,-49,2.77,82946.65
302,Profit,Urban,26,0.52,12,1.11,27508.88
567,Profit,Urban,24,0.22,38,1.24,125118.1
329,Non-Profit,Urban,18,0.75,5,9.6,47806.4
1645,Profit,-,15,0.33,40,2.42,101826.91
1563,Profit,Urban,17,0.18,17,1.52,105665.61
495,Public,Urban,46,0.52,31,3.54,63368.64
1718,Non-Profit,Urban,43,0.08,35,1.4,134454.61
451,Non-Profit,Rural,21,0.57,29,1.72,63061.68
102,Public,Urban,3,0.27,44,2.54,104435.79
1134,Profit,Rural,30,0.88,31,6.3,114308.31
742,Public,Urban,13,0.47,46,2.94,64976.59
1631,Non-Profit,Rural,38,0.43,8,1.03,42722.82
1151,Non-Profit,Urban,17,0.55,2,2.04,73862.25
1620,Profit,Rural,27,0.22,31,2.7,76269.84
393,Profit,Rural,47,0.23,45,2.44,84145.41
165,Profit,Urban,21,0.54,26,1.46,129769.96
251,Public,Rural,39,0.58,42,2.89,105938.6
1150,Non-Profit,Urban,22,0.17,6,3.14,35814.78
1025,Public,Urban,30,0.93,18,,82154.4
949,Profit,Rural,45,0.73,44,5.71,104196.3
1115,Non-Profit,Urban,41,0.27,16,2.59,42112.04
1023,Profit,-,30,0.69,36,9.21,135040.25
480,Profit,Urban,27,0.14,44,3.5,68004.24
1142,Non-Profit,Urban,12,0.35,45,2.11,144655.23
1856,Non-Profit,Rural,9,0.8,28,5.73,80375.31
575,Public,Urban,10,0.22,37,1.75,64591.02
1131,Profit,Rural,21,0.37,11,1.85,74150.66
833,Public,Urban,17,0.69,35,,118536.75
732,Non-Profit,Urban,2,0.43,9,2.2,44038.83
433,Non-Profit,Urban,36,0.39,3,1.63,45533.11
1065,Non-Profit,Urban,47,0.52,45,3.49,125316.03
50,Non-Profit,Urban,19,0.67,41,5.86,91147.67
255,Non-Profit,Rural,1,0.36,5,1.07,50989.11
1299,Profit,Urban,49,0.83,32,9.18,113802.98
553,Public,Rural,22,0.69,32,8.56,72991.25
867,Non-Profit,Urban,36,0.37,27,1.95,68676.91
938,Non-Profit,Rural,7,0.3,47,,106780.87
1851,Profit,Urban,17,0.29,17,1.25,74383.08
497,Profit,Urban,10,0.38,22,1.72,83289.53
660,non_profitt,Rural,17,0.37,22,3.74,60219.29
373,Public,Urban,29,0.46,24,1.29,64873.36
1447,Non-Profit,Urban,12,0.11,11,,92907.58
733,Profit,Urban,3,0.39,48,2.56,141866.97
1541,Public,Rural,15,0.42,13,1.24,56178.22
1775,Public,-,30,0.29,31,2.67,115735.56
453,Public,Urban,14,0.67,14,9.07,59544.02
1269,Profit,Rural,9,0.68,10,8.5,93895.33
286,Public,Rural,9,0.78,23,9.42,91905.87
536,Public,Urban,1,0.45,20,2.29,70338.76
996,Non-Profit,Rural,41,0.92,22,7.2,131692.95
839,Non-Profit,Urban,11,0.14,-25,1.87,113952.24
658,Profit,Urban,5,0.04,47,1.75,66724.19
262,Non-Profit,Rural,36,0.88,31,9.21,115908.37
492,Profit,Urban,39,0.82,23,5.8,93627.0
1131,Non-Profit,Urban,18,0.56,28,1.18,61609.75
700,Public,Rural,8,0.84,14,8.14,36507.03
1730,Profit,Rural,4,0.33,45,3.25,75472.62
1464,Profit,Rural,49,0.79,36,5.03,55707.28
469,Public,-,25,0.25,3,3.54,90524.0
424,Profit,Urban,49,0.92,6,5.42,42157.93
563,Non-Profit,Urban,17,0.22,28,2.86,86032.68
322,Public,Urban,9,0.86,19,5.42,81430.44
1828,Profit,Urban,48,0.04,37,3.25,112448.47
1370,Profit,Rural,29,0.53,47,1.18,142629.12
1004,Non-Profit,Urban,39,0.18,16,2.16,44187.82
667,Profit,Rural,36,0.38,48,2.91,119657.62
1824,Profit,Rural,17,0.63,-37,7.17,68896.55
435,Profit,Rural,13,0.8,3,6.12,83277.23
770,Profit,Urban,12,0.82,26,5.66,111538.68
1980,Non-Profit,Rural,35,0.23,11,2.01,92807.95
7,Profit,-,46,0.99,3,9.28,69274.61
622,Non-Profit,Urban,36,0.43,38,3.18,77880.35
1958,Profit,Urban,10,0.36,1,1.69,78644.54
1565,Profit,Rural,27,0.39,12,2.94,74462.09
1135,Non-Profit,Rural,40,0.83,20,9.89,60173.89
1305,Profit,Urban,42,0.42,41,1.26,63183.24
235,Profit,Urban,45,0.69,23,6.79,99303.66
610,Profit,Urban,15,0.3,46,2.03,105089.73
906,Non-Profit,Urban,3,0.27,5,1.29,95032.83
1280,Profit,-,19,0.95,17,7.54,126400.83
1054,Profit,Urban,41,0.29,25,2.2,48059.31
78,Non-Profit,Urban,25,1.0,49,9.18,102963.45
1216,Profit,Rural,48,0.88,17,8.39,128615.73
1847,Public,Urban,25,0.31,47,1.39,78145.92
624,Non-Profit,Urban,9,0.34,1,1.28,100885.73
1225,Profit,Urban,15,0.53,10,1.92,47618.89
1199,Public,Urban,13,0.59,12,2.52,89225.02
920,Profit,-,45,0.27,23,1.56,78109.76
1636,Non-Profit,Urban,16,0.2,-13,1.01,77082.99
272,Profit,Rural,28,0.04,39,,127915.71
749,Non-Profit,Urban,39,0.48,27,,53540.06
1022,Profit,Urban,20,0.1,33,2.21,115132.02
354,Profit,Urban,26,0.46,8,1.53,105403.93
1818,Non-Profit,Urban,32,0.74,9,8.31,40119.45
567,Public,Rural,7,0.96,43,5.55,110884.98
1406,Profit,Rural,12,0.82,1,8.02,110638.97
408,Profit,Rural,29,0.52,20,,52479.08
260,Profit,Rural,43,0.89,45,8.49,106510.47
1473,Profit,Urban,4,0.44,13,,65977.05
1118,Public,-,18,0.57,43,3.75,90622.36
214,Profit,Rural,49,0.57,6,2.8,103490.02
320,Public,Urban,39,0.33,17,2.82,34709.22
1681,Profit,Rural,2,0.53,44,,102185.66
704,Profit,Urban,37,0.35,26,3.67,125917.84
501,Public,Rural,36,0.69,13,9.49,121310.44
1695,Profit,Rural,26,0.78,13,7.67,96623.15
451,Public,Rural,22,0.4,11,2.98,62723.75
416,Non-Profit,Rural,9,0.46,42,3.92,109003.67
624,Profit,Rural,35,0.95,39,5.42,97669.2
431,Public,Urban,22,0.73,45,7.49,152613.74
397,Public,Rural,11,0.45,14,3.9,58856.21
330,Profit,Rural,1,0.7,16,7.41,75452.2
1425,Profit,Urban,36,0.09,40,3.55,67206.02
1632,Profit,Urban,33,0.18,29,2.4,125442.79
1794,Profit,Urban,25,0.79,46,8.72,140121.45
1256,Public,Rural,14,0.23,4,2.85,28069.09
783,Non-Profit,Rural,7,0.03,17,3.66,59197.55
1541,Profit,Urban,48,0.81,12,7.18,99818.16
1484,Public,Rural,7,0.84,30,9.77,60061.81
275,Profit,Rural,5,0.53,37,1.2,105511.97
951,Profit,Urban,45,0.94,30,5.37,138318.48
344,Profit,Rural,32,0.89,37,9.05,96553.84
687,Public,Urban,29,0.06,27,1.47,87676.57
1074,Public,Urban,18,0.54,9,3.18,79056.45
1137,Profit,Rural,37,0.54,16,2.27,84536.1
1827,Public,Rural,1,0.69,30,7.2,88527.53
449,Profit,Urban,24,0.68,7,8.86,105389.39
1987,Public,Urban,47,0.24,10,2.98,92070.36
1540,Profit,Rural,43,0.08,1,1.32,81022.23
741,Public,-,44,0.82,1,9.19,58598.87
234,Non-Profit,Urban,25,0.44,4,2.74,74859.99
1290,Non-Profit,Urban,36,0.11,30,3.21,70998.68
1843,Profit,Rural,6,0.23,10,3.94,31222.99
1269,Public,Urban,48,0.02,49,1.8,94643.51
101,Non-Profit,Rural,32,0.23,5,2.43,28992.03
76,non_profitt,Urban,22,0.77,31,5.56,94737.53
642,Profit,Rural,5,0.05,9,2.76,26210.14
1510,Public,Rural,9,0.31,5,3.82,76710.94
1143,Public,Urban,11,0.72,14,8.59,60193.55
687,Profit,Urban,44,0.88,1,8.74,41841.33
1441,Profit,Urban,34,0.85,34,6.09,75442.89
484,Non-Profit,-,48,0.77,20,9.71,65380.72
894,Profit,Urban,11,0.39,33,1.55,63926.27
1483,Public,Rural,16,0.76,28,9.53,137893.25
423,Profit,Urban,7,0.75,32,5.41,57360.41
1215,Profit,Urban,2,0.28,39,3.03,64602.25
1394,non_profitt,Urban,35,0.85,11,6.97,96735.37
1281,Profit,Rural,36,0.83,1,9.0,65793.72
1970,Profit,Rural,16,0.72,31,6.02,85882.05
1020,Public,Rural,17,0.1,8,1.52,67176.68
536,Profit,Urban,47,0.25,13,1.8,108121.33
200,Profit,Urban,6,0.23,40,1.63,119479.95
1282,Non-Profit,Rural,28,0.38,48,3.84,103561.33
57,Profit,Urban,7,0.33,43,1.22,121612.37
1299,Non-Profit,Urban,13,0.29,18,1.54,118256.04
680,Public,Urban,33,0.1,9,2.62,105957.68
1433,Profit,Urban,27,0.14,10,2.37,111241.58
658,Profit,Urban,4,0.99,18,8.67,110289.23
1118,Profit,-,44,0.66,30,6.07,131634.13
1866,non_profitt,-,24,0.79,43,,85466.4
1905,Profit,Rural,12,0.09,10,2.68,77361.97
199,Public,Urban,4,0.68,5,5.66,42846.58
1387,Profit,-,7,0.84,9,,74268.99
509,Profit,Urban,11,0.88,49,7.07,153129.16
174,Public,Urban,44,0.21,15,1.58,31323.8
1223,Profit,Rural,34,0.63,26,5.62,77833.78
188,Public,Rural,11,0.36,15,2.14,73089.6
439,Profit,Urban,44,0.88,12,7.43,102947.52
1238,Non-Profit,Rural,43,0.1,41,2.79,97190.9
849,Profit,Rural,38,0.7,33,5.18,109678.41
1379,Profit,Rural,29,0.32,27,,106818.93
646,Profit,Rural,7,0.71,18,5.39,123199.11
688,Public,Urban,22,0.07,8,1.47,40565.61
1568,Profit,Urban,29,0.95,48,5.04,71043.18
1511,Public,Urban,8,0.8,24,5.84,46788.42
1594,Public,Urban,19,0.3,42,1.11,102846.98
1183,Non-Profit,Urban,2,0.96,41,8.78,141993.95
1584,Public,Rural,37,0.22,14,1.17,26860.35
962,Profit,Rural,37,0.84,20,6.21,107202.49
521,Profit,Urban,19,0.9,14,6.62,56482.1
66,Profit,Urban,31,0.22,39,1.95,56762.01
1567,Non-Profit,Rural,1,0.03,31,2.23,131385.96
1868,Profit,Urban,11,0.68,17,8.5,94987.83
1033,Public,Urban,34,0.5,33,3.44,72548.68
238,Profit,Urban,12,0.79,48,5.54,118852.58
193,Profit,Urban,27,0.32,9,3.42,87672.89
61,Profit,Urban,16,0.08,11,3.66,59675.45
941,Public,Urban,14,0.16,19,3.67,54383.46
275,Profit,Urban,13,0.13,19,1.25,117876.62
1214,Public,Rural,2,0.18,48,,108144.11
1,Public,Rural,46,0.98,6,7.04,81154.93
311,Public,Urban,11,0.67,10,5.31,32927.47
1784,Profit,Rural,18,0.28,26,3.1,74909.79
1778,Profit,Rural,16,0.23,17,3.99,41880.75
1989,Public,Rural,30,0.14,-42,3.18,73746.74
495,Profit,Urban,37,0.85,44,8.34,114440.7
1686,Profit,Urban,15,0.45,33,1.97,124786.3
263,Non-Profit,Rural,29,0.45,32,1.16,129791.69
97,Non-Profit,Urban,27,0.36,39,1.87,117878.59
1877,Profit,Urban,28,0.99,41,8.23,97383.25
992,Public,-,32,0.54,22,1.95,58577.23
595,Profit,Rural,43,0.77,38,8.66,124108.89
808,Public,Rural,30,0.21,27,1.33,44671.26
381,Public,Rural,46,0.16,6,3.51,29206.34
568,Profit,Rural,32,0.16,11,1.49,45740.42
1390,Non-Profit,Rural,4,0.35,1,1.16,76118.38
1074,Profit,Urban,4,0.45,1,1.72,50202.88
1645,Profit,Rural,33,0.2,9,2.18,25602.05
965,Profit,Rural,8,0.98,41,8.51,149157.5
1459,Non-Profit,Rural,12,0.37,25,1.11,117425.73
1792,Profit,Rural,41,0.06,44,3.66,127521.7
157,Non-Profit,Urban,25,0.71,46,9.09,150602.22
1557,Public,Urban,47,0.53,39,3.13,64693.57
199,Public,Rural,7,0.75,30,8.3,118351.79
1941,Public,Rural,28,0.72,10,9.86,98051.37
951,Public,Urban,35,0.77,11,6.07,48767.51
14,Profit,Urban,4,0.37,19,2.62,104087.31
1106,Public,Rural,48,0.28,12,1.93,67697.65
1162,Public,Rural,3,0.53,28,2.9,95791.43
940,Public,Rural,8,0.24,29,1.48,62230.58
1155,Public,-,5,0.98,14,,75261.3
567,Profit,Urban,25,0.15,27,1.62,66809.04
103,Non-Profit,Rural,38,0.92,15,,48953.25
441,Public,Urban,3,0.58,48,1.26,66454.34
220,Non-Profit,-,17,0.13,11,2.19,92634.37
1349,Profit,Urban,1,0.01,42,2.49,88478.26
972,Profit,Urban,48,0.57,42,2.08,125917.72
889,Non-Profit,Urban,3,0.26,19,3.32,112853.46
247,Non-Profit,Urban,8,0.63,14,,104770.87
231,Public,Rural,5,0.29,34,3.58,63662.58
1277,Profit,Urban,31,0.1,23,,87078.05
1519,Profit,Rural,1,0.92,23,6.88,99648.97
773,Public,Urban,22,0.57,17,3.35,95741.52
873,Profit,Rural,4,0.23,5,1.25,82182.92
1276,Profit,Rural,30,0.39,29,1.95,131898.6
880,Profit,Urban,32,0.64,17,6.42,100297.52
995,Profit,Urban,40,0.5,21,1.58,99920.23
1121,Public,Urban,15,0.38,44,1.11,104137.79
1676,Profit,Rural,41,0.77,27,5.46,126677.43
1112,Public,Urban,36,0.49,44,,62089.59
754,Public,Urban,26,0.47,35,3.77,53422.41
1274,Public,Urban,45,0.05,45,2.86,91072.93
1731,Non-Profit,Rural,48,0.63,1,5.74,34990.98
1595,Profit,Urban,25,0.56,19,,69867.71
136,Non-Profit,Rural,17,0.09,13,3.55,90802.88
1137,Non-Profit,Rural,39,0.57,28,3.15,62554.71
948,Public,Urban,17,0.45,19,2.02,115571.4
327,Profit,Urban,25,0.46,34,2.56,54795.08
446,Profit,Urban,10,0.26,43,2.89,70019.39
1020,Public,Rural,41,0.12,21,3.55,90000.85
336,Public,Urban,37,0.64,1,7.27,109893.23
1319,Public,Urban,17,0.52,18,3.29,107435.96
82,Profit,Urban,3,1.0,26,6.42,122513.02
1769,non_profitt,Urban,27,0.24,42,1.02,129179.67
1118,Public,Urban,42,0.09,19,2.42,53483.94
1451,Non-Profit,-,27,0.33,31,3.15,75445.36
1450,Profit,Urban,4,0.42,16,,78922.95
1215,Non-Profit,Rural,39,0.95,35,8.22,132757.99
1511,Profit,Urban,29,0.95,29,6.63,130098.72
1634,Non-Profit,Urban,31,0.27,27,3.76,97011.87
690,Non-Profit,Urban,4,0.53,27,2.92,121304.29
1359,Profit,Rural,26,0.07,6,2.47,76759.72
99,Non-Profit,Urban,40,0.06,41,1.57,126631.52
1338,Profit,Urban,49,0.76,8,6.85,116947.74
1370,Profit,Rural,16,0.74,3,7.46,101132.69
1105,Non-Profit,Urban,43,0.89,26,5.04,68033.94
431,Public,Rural,35,0.84,33,7.22,117411.19
1453,Non-Profit,Rural,44,0.23,38,3.57,81495.05
1369,Non-Profit,Rural,24,0.24,8,,81881.63
1955,Profit,Urban,44,0.73,35,9.36,137415.18
305,Non-Profit,Urban,45,0.68,46,,131010.77
910,Non-Profit,Urban,40,0.28,22,1.91,54833.44
1574,Public,Rural,25,0.46,18,1.33,34189.49
1095,Public,Urban,43,0.02,1,2.21,39765.16
662,Profit,Urban,36,0.35,48,1.18,86448.11
1109,Public,Urban,41,0.49,39,,97913.2
785,Non-Profit,Urban,25,0.43,28,3.13,107827.02
1171,Non-Profit,Urban,6,0.44,42,2.64,104919.55
1733,Non-Profit,Rural,4,0.68,36,9.22,60259.2
443,Non-Profit,Urban,40,0.79,19,7.17,59244.49
1250,Profit,Urban,3,0.21,27,3.45,101045.24
900,Profit,Rural,24,0.06,17,,106250.64
1475,Profit,Rural,19,0.17,48,3.2,79256.71
1723,Non-Profit,Urban,14,0.04,31,3.4,115566.04
424,Profit,Urban,4,0.87,23,6.52,124239.63
631,Public,Urban,43,0.67,36,7.59,132076.77
821,Public,Rural,11,0.07,27,,57430.49
449,Public,Rural,4,0.82,28,8.21,133696.58
605,Profit,Rural,17,0.95,14,5.19,72556.11
1691,Profit,Urban,9,0.71,34,9.03,68143.36
1382,Non-Profit,Rural,8,0.58,12,1.8,34093.17
181,Public,Rural,48,0.44,24,3.02,104144.18
1768,Profit,Rural,47,0.74,8,9.9,57687.48
416,Profit,Rural,45,0.79,18,9.91,75245.86
1885,Profit,Urban,34,0.89,49,,119279.56
1190,Public,Urban,17,0.97,33,,114172.05
1210,non_profitt,Urban,16,0.26,23,2.42,45147.25
1133,Profit,Rural,3,0.99,20,7.22,93692.68
1471,Profit,Urban,24,0.88,39,7.54,72102.48
1642,non_profitt,Rural,42,0.54,14,,67212.61
1630,Non-Profit,Urban,8,0.13,22,2.41,52085.84
1906,Public,Urban,1,0.88,9,8.43,76832.71
393,Public,Urban,37,0.63,36,8.68,64370.65
1167,Public,Urban,47,0.67,29,,112671.2
1521,Public,Urban,2,0.43,39,2.69,140334.74
1267,Profit,Urban,44,0.09,8,3.57,47442.14
696,Profit,Urban,18,0.64,42,6.76,98717.23
558,Public,Urban,23,0.02,44,3.61,130562.11
705,Public,Rural,14,0.42,32,3.48,115951.86
915,Public,Urban,45,0.78,7,7.21,105627.09
72,Public,Rural,6,0.22,6,2.03,50942.03
1099,Public,Rural,5,0.86,19,7.18,124934.87
639,Non-Profit,Rural,16,0.21,30,3.83,46900.28
1914,Public,Rural,43,0.64,48,9.47,112204.82
45,Profit,Urban,43,0.7,34,,137392.54
545,Profit,Urban,14,0.37,22,1.41,67687.96
403,Profit,Rural,21,0.93,49,8.8,124811.81
1508,Public,Urban,9,0.79,22,9.59,133600.01
1319,Profit,Rural,3,0.3,20,2.41,54097.35
1962,Profit,Rural,2,0.08,12,1.2,82432.82
433,Profit,Urban,32,0.9,4,6.81,63891.18
261,Non-Profit,Urban,34,0.94,16,8.53,70093.14
1962,Profit,Urban,36,0.63,8,7.92,77138.88
1314,Profit,Urban,5,0.45,23,1.44,115250.92
505,Public,Rural,7,0.18,8,3.05,102985.59
333,Profit,Urban,36,0.11,33,3.04,96597.65
1242,Profit,Rural,31,0.7,47,8.46,141754.18
511,Non-Profit,Rural,34,0.8,7,6.24,84590.73
678,Non-Profit,Urban,38,0.71,13,5.32,36378.92
1458,Profit,Rural,5,0.54,2,3.31,51859.54
1799,Profit,Urban,18,0.42,18,1.69,40872.47
1154,Non-Profit,Urban,5,0.83,40,7.3,132071.99
142,Public,Urban,2,0.72,37,7.75,81088.44
725,Public,Rural,44,0.54,13,3.22,105787.45
1985,Profit,Urban,31,0.37,20,3.02,115514.88
568,Public,Urban,31,0.65,40,5.79,149003.9
530,Public,Urban,16,0.96,27,7.51,80123.34
1675,Public,Urban,18,0.65,30,5.07,68094.14
797,Non-Profit,Urban,42,0.63,30,7.2,117425.07
480,Profit,Urban,10,0.23,38,1.42,88369.47
356,Profit,Rural,49,0.28,17,,74175.39
858,Non-Profit,Urban,16,0.59,7,3.74,44618.5
1805,Public,Rural,4,0.9,14,6.19,54180.06
1976,Profit,Urban,18,0.31,42,1.45,95861.29
1202,Profit,Urban,41,0.54,11,2.11,88252.61
823,Non-Profit,Urban,27,0.02,15,2.73,82897.99
231,Non-Profit,Urban,47,0.36,17,1.99,35341.79
1924,Profit,Urban,9,0.47,42,3.05,134771.21
1087,Profit,Urban,5,0.99,32,9.51,142899.26
321,Profit,Urban,48,0.13,38,1.65,56593.35
1000,non_profitt,Rural,43,0.28,30,2.0,49622.26
467,Public,Urban,33,0.43,30,1.87,94279.28
473,Profit,Urban,26,0.3,10,2.02,104521.18
621,Profit,-,5,0.66,26,8.58,65765.85
1336,Non-Profit,Rural,35,0.2,7,2.25,49799.17
1279,Profit,Urban,17,0.86,11,6.84,45828.75
1655,Profit,Rural,19,0.02,15,1.52,36159.56
69,Profit,Rural,30,0.7,15,5.28,41051.83
1009,Profit,Urban,15,0.26,33,1.74,88571.71
756,Profit,Urban,49,0.51,33,2.21,130445.24
510,Profit,Urban,32,0.62,42,5.09,63819.77
1274,Profit,Urban,30,0.01,33,3.11,133557.51
80,Public,Urban,15,0.7,-47,7.47,129057.78
1393,Profit,Rural,20,0.06,1,3.49,84742.58
1848,Profit,-,26,0.95,39,9.07,143168.55
1453,Public,Rural,42,0.47,43,2.0,114456.18
1212,Public,Urban,18,0.45,31,1.9,73783.55
360,Profit,Rural,36,0.1,26,2.57,74846.63
601,Non-Profit,Urban,18,0.43,2,3.83,35721.98
698,Non-Profit,Urban,44,0.31,37,2.19,78215.98
1597,Public,Rural,46,0.07,25,1.49,70019.03
431,Profit,Urban,35,0.85,20,5.91,44917.55
1949,Public,Urban,22,0.13,29,2.68,97283.31
362,Profit,Urban,14,0.98,5,6.51,59758.54
991,Public,Rural,26,0.92,20,7.58,122532.2
1537,Public,Urban,40,0.62,31,7.37,110028.81
1871,Public,Rural,47,0.83,26,7.62,90909.79
1607,Profit,Rural,40,0.27,31,1.57,102094.19
1226,Public,-,17,0.48,31,2.17,129286.27
512,non_profitt,Rural,21,0.45,49,1.67,130241.78
589,Public,Urban,29,0.4,45,,113285.93
1438,Public,Urban,40,0.47,22,1.21,123619.5
551,Profit,Urban,32,0.07,49,2.72,127511.71
1006,Profit,Rural,26,0.64,46,5.04,141986.06
78,Non-Profit,Rural,22,0.18,1,3.75,79237.75
912,Non-Profit,Rural,33,0.42,13,2.27,62023.15
610,Non-Profit,Rural,13,0.07,49,3.44,69953.28
1191,Non-Profit,Urban,47,0.78,-6,9.98,92086.16
1729,Profit,Urban,23,0.27,27,1.71,82048.64
1262,Profit,Rural,36,0.54,34,3.0,86640.83
1125,Non-Profit,Urban,45,0.99,45,6.51,77639.01
1619,Profit,Urban,20,0.32,20,1.64,89414.97
667,Public,Urban,16,0.88,2,7.91,48501.53
1042,Public,Urban,43,0.9,36,5.16,66671.59
1013,Non-Profit,Rural,3,0.78,34,9.86,137933.11
1280,Public,Urban,14,0.34,46,2.39,123288.08
847,Public,Urban,20,0.94,2,9.29,116517.41
590,Public,-,26,0.24,30,,73266.97
146,Profit,Rural,41,0.73,37,,58138.25
1386,Profit,Rural,9,0.17,32,,65185.3
873,Public,Urban,19,0.94,20,7.82,62083.78
508,Non-Profit,Urban,45,0.59,26,2.55,60358.36
12,Profit,Rural,3,0.21,-45,1.27,120164.25
1300,Non-Profit,Urban,20,0.65,19,9.8,92987.74
1397,Profit,Urban,9,0.21,8,2.95,52747.31
1739,Profit,Rural,43,0.76,41,8.89,120132.08
1807,Non-Profit,Urban,10,0.63,32,6.09,104428.95
1724,Profit,Rural,41,0.03,32,3.43,120397.81
1746,Profit,Urban,43,0.37,20,3.37,56900.12
1203,Non-Profit,Rural,9,0.77,48,6.49,140917.82
951,Non-Profit,Rural,5,0.32,12,3.04,61286.66
1939,Profit,Urban,24,0.22,38,1.86,98041.52
1423,Profit,Rural,37,0.96,28,8.96,79657.49
1163,Public,Urban,11,0.54,16,3.59,60193.14
1325,Profit,Urban,4,0.69,45,6.98,119256.5
1573,Public,Urban,41,0.86,43,5.64,136499.42
433,Profit,Rural,48,0.49,13,2.32,83684.23
322,Non-Profit,Urban,9,0.88,21,8.27,86903.51
896,Public,Rural,8,0.24,24,3.6,99194.67
571,Non-Profit,Rural,18,0.56,7,1.79,54596.89
1697,Profit,Urban,48,0.73,6,8.77,109977.11
1051,Profit,Urban,28,0.38,40,3.44,86499.98
994,Public,Rural,39,0.79,16,6.87,65902.26
969,Public,Urban,49,0.47,25,,115608.61
1988,Profit,Rural,26,0.4,11,3.05,58393.34
1911,Profit,-,43,0.05,14,1.63,116448.28
1716,Non-Profit,Urban,12,0.49,1,3.28,83565.52
1252,Profit,Rural,38,0.89,43,7.88,122874.76
445,Profit,Rural,22,0.99,22,5.54,87397.11
1872,Non-Profit,Urban,21,0.24,39,2.21,127566.16
1687,Public,Urban,47,0.5,25,3.39,106626.65
1566,Non-Profit,Rural,28,0.47,17,1.16,87852.75
1481,Public,Rural,22,0.39,10,1.31,64312.27
503,Public,-,21,0.48,25,,68094.5
1296,Public,Rural,34,0.86,21,9.6,91464.76
541,Profit,Urban,37,0.86,1,5.48,49091.01
1153,Non-Profit,Urban,25,0.04,3,2.13,83835.28
1899,Profit,Rural,15,0.68,32,7.79,93157.83
1333,Public,Urban,49,0.49,45,3.96,119614.95
1664,Public,Urban,30,0.91,18,7.86,70830.0
1542,Public,Urban,35,0.12,28,2.11,82520.18
975,Profit,Rural,13,0.67,15,9.93,100824.28
52,Profit,Urban,13,0.68,-9,7.35,80215.95
1269,Non-Profit,Urban,5,0.76,47,5.31,128615.33
1420,Non-Profit,Urban,8,0.73,29,8.82,97182.28
1449,Profit,Urban,40,0.67,30,9.76,75994.47
246,Profit,Rural,25,0.83,19,7.31,125709.57
1900,Non-Profit,Urban,35,0.67,1,5.45,96639.48
1468,Profit,Urban,22,0.66,15,5.25,67529.99
1358,Profit,Rural,31,0.67,6,8.41,62402.65
422,Public,Rural,38,0.63,44,6.91,109252.19
693,Public,Urban,35,0.28,-48,1.34,98280.24
953,Non-Profit,Urban,10,0.58,20,1.51,122634.86
1511,Profit,Rural,4,0.1,11,1.87,51835.54
955,Profit,Urban,37,0.6,9,2.48,114050.58
273,Profit,Urban,40,0.16,15,1.75,29994.77
1615,Profit,Urban,32,0.78,29,6.19,65983.26
166,Profit,Rural,5,0.3,39,1.65,112582.58
986,Profit,Rural,19,0.58,35,1.8,87274.41
984,Non-Profit,Urban,42,0.44,24,2.16,101426.3
992,Profit,-,14,0.67,16,9.7,73215.4
1089,Public,Rural,30,0.89,22,8.13,103866.79
129,Profit,Urban,37,0.54,9,3.65,51269.88
1863,Public,Urban,48,0.14,5,2.7,107981.85
1110,Public,Urban,29,0.84,23,8.74,79768.54
364,Public,Urban,15,0.15,37,3.57,114187.88
594,Non-Profit,Rural,20,0.83,-13,8.24,78788.3
1508,Profit,Rural,35,0.18,1,2.18,53292.53
1624,Profit,Rural,28,0.28,13,1.81,39938.84
1371,Profit,-,36,0.63,7,5.31,71559.98
102,Non-Profit,Urban,40,0.67,14,5.41,92068.56
1927,Public,-,27,0.66,8,9.37,105380.22
1264,Profit,Rural,31,0.84,17,8.17,105320.49
369,Non-Profit,Urban,15,0.05,3,3.79,74155.54
226,Profit,Urban,18,0.83,4,5.27,62804.13
99,non_profitt,Urban,16,0.46,13,1.19,36081.99
494,Public,Urban,8,0.44,48,2.05,66981.36
776,Non-Profit,Urban,41,0.89,31,,92616.23
548,Non-Profit,Rural,37,0.44,11,3.52,57066.77
1450,Public,Urban,4,0.19,46,1.24,64809.76
753,Public,Urban,13,0.75,25,6.21,79315.66
325,Profit,Urban,3,0.92,45,,78889.14
690,Non-Profit,Urban,38,0.33,21,2.63,124681.44
1356,Profit,Urban,17,0.77,4,9.13,89694.36
1443,Public,Rural,47,0.5,27,2.41,72254.62
460,Profit,Rural,20,0.67,21,9.47,107398.29
1720,Profit,Urban,20,0.9,1,5.53,28585.05
1369,Profit,Urban,29,0.68,13,6.91,104889.34
1734,Non-Profit,-,36,0.75,40,9.77,123744.47
488,Non-Profit,Urban,4,0.81,42,6.0,110995.31
1638,Profit,Rural,2,0.6,15,2.82,77208.54
748,Non-Profit,Rural,10,0.56,35,2.96,85619.02
653,Public,Urban,8,0.42,24,,105694.41
31,Profit,Urban,5,0.05,15,1.51,108935.07
1719,Profit,Rural,38,0.54,-47,,76493.69
678,Public,Urban,26,0.03,12,3.27,44796.0
594,Non-Profit,Rural,15,0.22,16,1.13,107865.3
900,Profit,Urban,38,0.2,13,3.36,44303.07
1139,Non-Profit,Rural,6,0.5,15,3.22,99658.59
1927,Profit,Rural,29,0.64,9,7.18,46156.63
365,Profit,Urban,35,0.5,5,3.69,46598.17
1427,Public,Urban,45,0.49,48,2.06,137281.19
1457,Public,Urban,2,0.65,7,7.55,78905.7
1684,Non-Profit,Rural,48,0.15,32,3.2,87684.42
1968,Non-Profit,Rural,34,0.18,20,3.17,40238.37
1122,Profit,Urban,23,0.43,41,1.46,106745.43
1584,Non-Profit,Urban,26,0.67,48,6.9,139773.17
1268,Profit,Urban,28,0.13,28,1.02,72418.99
595,Profit,Rural,46,0.96,32,8.04,63054.7
45,Profit,Urban,21,0.34,37,2.9,113791.85
1432,Non-Profit,Urban,12,0.76,14,6.89,121950.05
122,Profit,Urban,48,0.25,43,3.13,119128.12
1951,Profit,-,33,0.72,39,9.11,143120.28
161,Non-Profit,Urban,39,0.12,42,2.38,91002.01
311,Public,Rural,28,0.17,31,1.95,119156.38
320,Profit,Rural,44,0.7,6,8.0,39765.5
1917,Profit,-,30,0.99,15,5.65,111996.43
1799,Non-Profit,Rural,2,0.13,34,1.21,73964.68
745,Public,Rural,2,0.11,39,1.58,57933.22
1274,Non-Profit,Rural,32,0.58,8,1.47,92650.6
1967,Profit,Urban,9,0.03,46,3.83,119828.57
991,Profit,Rural,47,0.83,30,6.38,95962.62
349,Non-Profit,Urban,1,0.52,48,3.67,108453.84
1249,Profit,Urban,2,0.53,16,2.69,34114.85
1586,Public,Urban,23,0.1,26,1.27,57341.34
1586,Non-Profit,Urban,13,0.62,-33,8.49,80447.05
1845,Public,Rural,26,0.96,33,6.01,99707.25
1360,Profit,Rural,39,0.39,46,3.78,136954.21
1498,Public,Urban,43,0.52,3,2.88,90667.5
196,Profit,Urban,35,0.7,8,,59155.68
297,Profit,Urban,35,0.06,12,2.43,30504.14
155,Public,Urban,33,0.89,23,8.03,108076.29
1330,Non-Profit,Rural,34,0.43,8,2.61,94865.53
723,Public,Urban,21,0.04,23,1.42,55539.49
1975,Non-Profit,Urban,19,0.03,48,2.29,88376.69
229,non_profitt,Urban,18,0.44,3,2.96,66885.49
1389,Public,Urban,43,0.94,35,8.12,143665.07
1401,Profit,Urban,19,0.33,21,2.03,99850.42
1339,Public,Urban,46,0.26,32,1.23,56036.03
1467,Profit,Rural,24,0.16,42,2.6,141783.93
643,Public,Urban,20,0.67,-40,5.38,97194.1
1123,Public,Urban,45,0.57,34,2.71,99274.48
833,Profit,Urban,13,0.48,2,3.74,26632.17
284,non_profitt,Rural,40,0.1,10,2.42,37332.56
1759,Profit,Urban,29,0.77,41,8.82,73597.7
587,Public,Rural,46,0.38,36,3.91,79340.62
1399,Profit,Rural,47,0.8,17,9.5,52925.17
57,Profit,Rural,8,0.83,25,8.69,120154.91
388,Profit,Urban,30,0.35,43,1.53,58694.82
863,Profit,Rural,12,0.65,34,7.16,101853.55
1269,Profit,Rural,19,0.08,26,3.73,89494.67
197,Profit,Urban,17,0.38,42,2.37,110466.0
950,Profit,Urban,12,0.93,47,7.11,146643.9
777,Profit,Rural,24,0.6,10,3.87,35356.03
1527,Public,Rural,13,0.1,14,3.93,39138.2
654,Public,Urban,24,0.32,26,3.38,86212.51
1260,Profit,Urban,21,0.62,22,5.96,63817.27
18,Profit,Urban,36,0.86,12,6.31,70020.96
1886,Profit,Urban,47,0.51,13,1.67,49447.18
447,Profit,Urban,38,0.63,43,9.87,98489.68
1239,Non-Profit,Urban,44,0.76,37,5.67,124909.29
19,Public,Urban,24,0.67,3,9.0,113393.45
237,Public,Rural,46,0.2,43,1.55,67130.06
965,Non-Profit,Urban,1,0.98,38,7.81,121895.26
1397,Non-Profit,Urban,43,0.99,5,5.11,69486.92
1048,Non-Profit,Urban,23,0.15,6,3.66,45839.53
1989,Profit,Rural,17,0.6,5,2.38,66792.05
590,Non-Profit,Rural,2,0.64,43,8.47,83816.26
718,Profit,Rural,45,0.75,2,9.32,87905.0
1793,Profit,Urban,36,0.05,7,2.14,93796.6
1687,Profit,Urban,7,0.33,4,3.84,75487.36
1227,Profit,Urban,37,0.03,16,1.65,71900.1
449,Non-Profit,Urban,43,0.44,7,2.88,44820.23
1809,Profit,Urban,16,0.59,20,2.12,74295.79
894,Profit,Rural,13,0.92,9,7.02,68886.81
871,Non-Profit,Rural,47,0.56,-8,,58603.73
842,Profit,Urban,10,0.48,16,2.16,51639.93
1489,Profit,Urban,35,0.27,41,1.43,129412.57
1856,Profit,Rural,22,0.73,3,7.64,72432.2
1698,Non-Profit,Rural,5,0.39,38,,95557.54
1781,Non-Profit,Urban,42,0.02,38,1.74,90613.22
1761,Non-Profit,Rural,19,0.28,46,1.85,87258.06
1609,Public,Rural,43,0.35,22,3.81,68688.88
33,Profit,Rural,33,0.01,37,3.2,126620.65
840,Public,Urban,30,0.21,32,,123252.94
1031,Profit,Urban,30,0.35,35,,100717.78
1785,Public,Rural,14,0.0,40,2.18,81037.44
1800,Non-Profit,Rural,39,0.94,20,6.43,90417.57
1262,Public,Urban,20,1.0,5,5.92,84149.35
1710,Profit,Rural,26,0.45,29,2.6,100697.52
1469,Profit,Rural,42,0.83,25,8.65,79034.28
1430,Profit,Rural,34,0.83,42,6.13,120792.2
441,Profit,Rural,48,0.08,11,3.09,36120.95
77,Profit,Urban,12,0.21,11,2.15,60412.45
1324,Public,Urban,15,0.63,12,5.0,114910.69
331,Public,Urban,7,0.28,20,1.34,50232.33
846,Profit,Rural,31,0.84,47,6.26,85671.02
1788,Profit,-,26,0.55,49,2.94,105255.58
450,Profit,Urban,4,0.56,4,2.44,24727.98
710,Profit,Urban,18,0.9,39,5.74,97467.75
329,Non-Profit,-,24,0.34,9,2.37,89174.78
50,Public,-,43,0.62,21,8.75,76244.15
700,Public,Urban,19,0.13,10,2.05,52490.53
1354,Profit,Rural,22,0.86,22,7.45,91662.81
1589,Non-Profit,Rural,1,0.41,45,3.29,83674.26
1345,Public,Rural,16,0.17,36,2.43,57047.47
782,Profit,Urban,30,0.07,36,2.54,90908.86
758,Profit,Urban,3,0.0,12,3.58,35652.28
887,Public,Urban,11,0.99,11,5.56,96891.17
52,Non-Profit,Rural,37,0.8,45,5.54,118831.92
144,Public,Urban,22,0.62,13,5.39,93880.48
180,Profit,Urban,7,0.78,38,5.7,88112.07
1823,non_profitt,Urban,12,0.2,3,1.66,66054.6
1831,Public,Urban,29,0.86,33,9.28,69453.62
1286,Non-Profit,Rural,34,0.41,24,3.24,39636.9
353,Non-Profit,Rural,34,0.18,45,,121103.38
893,Public,Rural,3,0.9,11,9.18,98627.48
638,Profit,-,3,0.48,32,,120436.94
1523,non_profitt,Urban,33,0.45,-4,1.38,66061.86
109,Public,Urban,32,0.26,48,2.39,97484.55
84,Public,Urban,13,0.67,17,8.26,130336.09
1226,Profit,Urban,40,0.82,25,6.09,88827.89
1869,Public,Urban,18,0.32,42,3.23,148303.87
467,Profit,Urban,2,0.9,-20,7.96,81434.67
128,Public,Urban,30,0.49,36,1.31,52848.77
1519,Public,Rural,32,0.1,45,3.71,115819.45
1942,Public,Urban,22,0.68,23,6.91,63187.22
261,Non-Profit,Urban,23,0.75,31,7.57,64293.83
558,Profit,Rural,43,0.1,32,3.41,135469.44
374,Profit,Rural,17,0.16,42,,123718.34
1599,Non-Profit,Urban,49,0.32,21,1.92,116359.7
1403,Non-Profit,Rural,40,0.82,37,8.64,136821.71
157,Non-Profit,Urban,48,0.68,-49,9.79,124404.62
41,Profit,Urban,45,0.52,32,3.74,90556.1
932,Profit,Urban,32,0.14,16,1.8,119299.21
518,Profit,Urban,9,0.94,4,6.88,37468.0
774,Non-Profit,Urban,22,0.19,6,1.74,21341.29
1288,Profit,-,29,0.53,41,1.44,61917.19
1584,Profit,Urban,49,0.83,17,9.27,45022.32
1816,non_profitt,Urban,33,0.16,27,1.23,103829.81
1751,Profit,Urban,38,0.26,42,,120424.5
798,Profit,Urban,25,0.59,5,1.19,88061.76
1198,Public,Rural,22,0.82,22,6.16,129736.79
1915,Profit,Rural,42,0.55,20,2.42,105528.45
1397,Profit,Urban,28,0.38,23,2.04,42251.64
753,Public,Urban,17,0.63,14,5.75,115782.58
1746,Profit,Urban,10,0.29,6,2.17,62394.47
1065,Non-Profit,Rural,4,0.72,28,6.75,76710.64
1517,Public,Rural,41,0.69,15,,52167.84
1859,Public,Urban,34,0.47,11,3.02,96504.41
118,Public,Urban,5,0.94,46,6.85,116706.89
1531,Non-Profit,-,1,0.37,5,3.12,30072.98
551,Profit,Urban,16,0.74,33,9.7,103938.22
1228,Profit,Urban,5,0.66,46,7.46,124367.8
1756,Public,Rural,25,0.66,7,8.7,47782.53
929,Profit,Rural,39,0.48,9,1.98,79168.16
1733,Public,Urban,20,0.4,-25,1.44,64066.14
378,Public,Rural,7,0.21,32,2.66,106871.02
241,Non-Profit,Urban,28,0.15,39,,84161.79
43,Public,Urban,43,0.64,7,7.54,98362.5
126,Profit,Urban,21,0.59,23,3.14,117421.27
1527,Profit,Urban,10,0.37,13,,50719.64
421,Profit,Urban,18,0.66,49,8.31,86066.8
760,Profit,Urban,31,0.5,4,3.97,66615.03
1515,Profit,Urban,15,0.82,21,5.38,57310.95
1488,Profit,Rural,31,0.27,15,2.61,46253.94
1123,Non-Profit,Urban,37,0.87,11,7.48,55612.29
1909,Profit,Urban,44,0.36,41,,120953.53
1687,Public,Rural,48,0.38,39,1.99,96019.9
1811,Non-Profit,Urban,35,0.06,39,3.37,108507.99
1578,Profit,Urban,44,0.61,8,,96636.77
370,Non-Profit,Rural,42,0.23,1,1.5,87122.02
1556,Profit,Rural,37,0.42,42,3.86,138204.78
625,Public,Urban,39,0.7,11,7.11,64144.57
1404,Public,Urban,7,0.59,37,3.38,94692.65
60,Profit,-,48,0.03,42,3.22,126050.18
1773,Public,Urban,44,0.06,8,1.51,51329.05
1235,Public,Rural,25,0.33,3,3.29,36360.37
899,Public,Rural,32,0.88,42,7.47,119007.39
1573,Non-Profit,Urban,42,0.18,11,3.39,113895.53
1247,Profit,Urban,43,0.87,31,8.96,125123.14
1192,Profit,Rural,37,0.98,23,5.44,74411.79
1299,Profit,Rural,42,0.63,19,9.83,81546.44
1609,Public,Urban,5,0.38,44,3.81,108701.68
1651,Profit,Urban,29,0.58,46,3.08,88843.66
525,Public,Rural,4,0.09,27,3.48,130206.21
749,Public,Urban,45,0.12,3,1.51,38614.39
1901,Profit,Rural,22,0.62,34,5.77,60594.81
27,Profit,Urban,40,0.48,26,2.87,82571.69
820,Public,Urban,43,0.32,43,3.06,75730.41
1752,Profit,Urban,32,0.0,35,1.35,110526.88
429,Profit,Rural,27,0.26,17,2.69,101750.17
386,Profit,Rural,31,0.86,43,8.32,89295.84
1814,Profit,Rural,17,0.8,42,8.82,98905.5
0,Profit,Urban,48,0.76,8,8.16,111714.53
1501,Non-Profit,Urban,5,0.04,42,3.4,92076.58
1012,Public,Rural,30,0.78,44,5.01,87825.23
297,Non-Profit,Urban,20,0.29,45,3.4,62919.62
907,Profit,Rural,10,0.34,47,2.8,61569.21
117,Non-Profit,Urban,17,0.96,-14,8.75,55507.42
745,Non-Profit,Rural,24,0.1,35,3.41,71111.01
1554,Public,Urban,39,0.18,31,1.69,69316.28
1521,Non-Profit,Rural,46,0.01,31,2.2,134142.74
1008,Profit,Urban,16,0.43,46,3.63,67840.07
1228,Public,Rural,44,0.63,37,9.7,69995.28
346,Profit,Urban,31,0.34,38,3.68,62753.33
1442,Profit,Urban,23,0.98,3,8.6,89022.7
1719,Non-Profit,Rural,45,0.03,40,3.2,111855.32
1737,Public,Urban,23,0.15,37,1.6,63776.87
314,Public,Urban,4,0.46,46,1.41,61592.8
1638,Public,Rural,44,0.02,3,3.62,85241.51
393,Profit,-,9,0.87,5,8.51,114287.86
531,Public,Rural,44,0.29,35,1.31,130181.93
1644,Public,Rural,12,0.34,38,1.04,125766.3
1585,Profit,Rural,24,0.37,24,3.41,118394.97
1221,Non-Profit,-,42,0.1,23,1.88,43353.42
1896,Non-Profit,Urban,11,0.81,1,9.01,63604.73
1696,Non-Profit,Rural,15,0.54,12,2.03,108754.4
1397,Profit,Rural,47,0.65,17,6.76,73399.47
941,Profit,Urban,4,0.12,39,1.56,101012.51
1984,Public,Rural,14,0.35,29,,79240.72
481,Profit,Urban,33,0.4,32,2.75,115390.52
1287,Profit,Rural,5,0.28,27,2.52,110317.87
1841,Profit,Rural,29,0.42,17,3.91,105995.74
807,Non-Profit,Urban,3,0.17,12,2.65,101927.62
1960,Public,Urban,20,0.24,36,3.51,79619.97
1765,Profit,Urban,38,0.04,3,3.18,80315.35
1890,non_profitt,Urban,2,0.68,42,5.82,130498.06
1303,Profit,-,7,0.18,19,,40008.55
1333,Profit,Rural,36,0.36,-12,3.77,63489.79
1453,Profit,Urban,49,0.06,46,3.72,72989.66
153,Non-Profit,Rural,20,0.2,42,3.11,82398.33
1193,Public,Rural,18,0.45,42,3.64,73670.78
1104,Non-Profit,Rural,21,0.71,41,7.3,147720.56
992,Profit,Urban,17,0.73,11,6.64,109072.01
963,Public,Urban,7,0.79,44,8.01,81599.28
825,Profit,Urban,18,0.95,32,8.25,128031.35
1438,Profit,-,46,0.41,41,3.2,142367.87
661,Non-Profit,Urban,15,0.56,9,1.95,43250.36
831,Public,Rural,18,0.59,9,3.39,57568.84
777,Public,Urban,21,0.18,9,3.59,80893.66
747,Profit,Rural,43,0.8,42,7.34,101090.54
463,Non-Profit,Rural,1,0.21,47,2.24,135535.46
1496,Profit,Rural,48,0.06,15,3.47,53492.91
1520,Non-Profit,Urban,38,0.21,3,3.07,42614.88
1536,Profit,Urban,17,0.22,45,1.24,94614.56
794,Public,Urban,21,0.41,8,2.82,82179.69
1806,Profit,Rural,16,0.38,-8,2.71,77821.26
1170,Public,Urban,4,0.53,42,,84744.99
624,Non-Profit,Rural,38,0.39,10,2.74,63065.71
510,Public,Urban,13,0.59,10,1.44,30098.27
377,Profit,Urban,45,0.66,26,8.44,83750.68
1825,Profit,Urban,5,0.47,35,2.51,57622.97
1955,Public,Urban,49,0.99,5,7.21,53601.06
636,Public,Rural,38,0.69,10,9.12,58363.63
1552,Non-Profit,Rural,23,0.09,7,,24374.97
690,Profit,Urban,11,0.04,38,1.51,124176.47
938,Profit,Urban,15,0.85,29,5.73,99575.08
1068,Public,Urban,1,0.01,45,1.43,123229.72
1135,Non-Profit,Urban,21,0.02,29,,60737.55
352,Profit,Urban,46,0.31,46,1.31,70383.18
1788,Public,Urban,44,0.09,22,2.72,40957.69
1979,Profit,Rural,47,0.64,16,7.18,96725.38
703,Public,Rural,33,0.38,-29,3.37,49588.64
1932,Profit,Urban,31,0.01,5,1.76,43242.31
819,Profit,Urban,23,0.75,41,6.29,111416.99
1140,Profit,Rural,40,0.89,32,9.56,79354.5
267,Profit,Rural,7,0.17,27,1.82,129567.59
1435,Non-Profit,Urban,49,0.71,4,5.99,59911.89
286,Public,Rural,38,0.06,11,1.69,51780.35
991,Non-Profit,Rural,32,0.56,12,1.71,67089.59
1071,Profit,Rural,30,0.48,49,3.26,152636.07
659,Public,Urban,8,0.48,34,2.14,130686.15
935,Non-Profit,Rural,45,0.32,26,,67990.04
1564,Profit,Rural,15,0.92,45,7.43,147588.03
1779,Profit,Urban,43,0.09,3,3.26,88179.76
807,Profit,Urban,40,0.19,11,1.99,108245.34
1801,Public,Urban,13,0.39,36,3.03,105311.35
1767,Non-Profit,Rural,6,0.6,45,1.4,138195.57
66,Profit,-,43,0.32,10,3.94,32359.01
1223,Profit,Urban,26,0.36,20,2.49,112713.33
1755,Public,Rural,21,0.69,38,5.2,110544.38
1219,Profit,Urban,31,0.5,34,1.89,130744.17
949,Public,Urban,47,0.73,40,5.13,149515.64
1324,Public,Urban,33,0.87,12,7.85,44070.06
887,Profit,Urban,37,0.6,46,1.27,109269.64
339,Non-Profit,Rural,44,0.79,11,6.16,99057.46
219,Profit,Rural,41,0.28,34,1.95,112623.15
1930,Non-Profit,Urban,24,0.91,49,8.93,140126.48
1362,Public,Rural,34,0.68,37,6.26,140161.03
776,Profit,Rural,1,0.14,45,3.08,134677.88
1810,Profit,Urban,2,0.8,45,7.31,74916.29
207,Profit,Urban,32,0.26,21,2.6,119584.08
1076,Public,Urban,46,0.63,38,9.08,107078.4
581,Non-Profit,Urban,42,0.15,20,2.33,88135.24
499,Non-Profit,Urban,42,0.75,3,8.43,100208.04
789,Profit,Urban,27,0.39,25,3.33,129704.45
880,Profit,Urban,4,0.49,3,3.23,89908.85
967,Profit,Rural,18,0.15,27,1.36,81727.86
114,Profit,Rural,4,0.15,3,1.63,85966.96
1002,Public,-,30,0.22,18,2.91,102962.47
1312,Profit,Rural,16,0.01,6,1.69,79870.55
373,Public,-,4,0.84,9,9.07,36740.12
1683,Non-Profit,Rural,10,0.67,35,7.56,144972.92
1192,Public,Urban,27,0.05,14,1.69,52280.49
6,Profit,Rural,41,0.55,22,1.81,74085.07
475,Profit,Urban,49,0.43,43,2.53,145721.94
265,Public,Rural,29,0.21,15,3.01,53735.82
336,Profit,Urban,15,0.7,17,7.86,50529.95
1259,Profit,Urban,33,0.1,9,3.38,58598.76
1106,Profit,-,6,0.4,33,3.76,137493.72
832,Profit,Urban,48,0.54,8,2.56,67097.16
75,Public,Rural,1,0.77,22,7.24,105441.1
760,Non-Profit,Rural,12,0.2,29,3.55,87360.53
1350,Non-Profit,Urban,41,0.58,4,1.45,60574.03
57,Profit,Rural,39,0.98,9,8.87,97836.31
1609,Profit,Urban,5,0.51,10,3.17,111104.81
1864,Profit,Rural,27,0.92,27,,99373.79
1540,Public,Urban,26,0.56,48,3.87,82427.44
185,Public,Urban,17,0.23,46,2.7,130269.14
629,Profit,Rural,23,0.63,32,6.11,115066.79
1362,Profit,Rural,5,0.29,44,1.36,67143.65
639,Profit,Rural,32,0.66,14,7.79,59900.05
1737,Profit,Urban,6,0.53,11,3.6,108521.81
1632,Public,Urban,16,0.1,32,1.44,120335.61
1312,Profit,Urban,4,0.02,15,3.69,72287.09
1953,Profit,Rural,28,0.49,37,3.13,135712.77
1868,Public,Urban,25,0.25,25,,91415.52
523,Profit,Rural,48,0.48,40,2.88,99526.59
261,Profit,Rural,40,0.07,46,2.65,71874.47
185,Profit,Urban,30,0.43,22,,70468.16
1427,Profit,Urban,13,0.85,26,8.33,81730.62
1617,Non-Profit,Urban,23,0.33,18,,120067.22
601,Non-Profit,Rural,25,0.66,36,5.6,123838.95
1159,Profit,Urban,46,0.82,-39,9.7,99682.62
1940,Profit,-,17,0.51,46,3.28,118790.85
223,Non-Profit,Urban,30,0.04,24,1.95,112696.46
738,Profit,Urban,23,0.64,24,5.28,67844.45
1836,Profit,Urban,46,0.84,37,,85579.62
1851,non_profitt,Rural,34,0.22,2,2.38,20374.96
1928,Profit,Rural,11,0.04,5,3.65,31641.3
1818,Profit,Urban,39,0.1,40,2.49,98629.63
1160,Profit,-,44,0.73,47,7.62,96194.92
756,Profit,Urban,46,0.98,30,5.57,59217.11
39,Non-Profit,Rural,13,0.93,11,6.26,104870.56
1452,Profit,Urban,12,0.31,26,,67503.9
1018,Profit,Rural,36,0.78,20,8.06,108181.89
1325,Non-Profit,Urban,37,0.66,3,9.12,47341.68
1381,Non-Profit,Rural,46,0.42,45,3.14,93774.3
1503,Non-Profit,Urban,28,0.4,24,2.63,89383.58
60,Profit,Urban,2,0.79,9,8.42,79567.39
316,Profit,Urban,37,0.57,-26,3.04,64711.68
680,Profit,Rural,16,0.9,48,5.18,70184.1
1187,Non-Profit,Rural,25,0.57,16,1.78,117220.53
794,Non-Profit,Rural,48,0.89,39,9.26,131485.99
287,Non-Profit,Urban,29,0.78,35,8.77,114278.12
210,Public,Rural,40,0.48,26,,64828.48
1906,Public,Rural,28,0.73,1,6.76,67458.52
496,Public,Urban,25,0.44,37,2.71,126055.74
89,Profit,Rural,11,0.77,14,9.46,106737.2
1932,Profit,Rural,4,0.43,3,2.3,24785.7
1862,Public,-,33,1.0,23,9.28,88775.41
1078,Profit,Urban,45,0.8,29,8.94,104730.83
1576,Profit,Rural,27,0.43,18,1.56,69134.83
1551,Profit,Urban,12,0.36,35,3.04,141521.02
9,Non-Profit,Rural,47,0.47,15,1.29,86845.6
777,Public,Urban,13,0.88,18,9.25,102861.97
1080,Profit,Rural,41,0.02,46,1.47,83709.09
1430,non_profitt,Urban,46,0.45,21,1.37,49133.93
38,Public,Urban,2,0.2,31,3.16,57123.02
1487,Profit,Rural,5,0.98,32,,65764.51
140,Profit,Rural,39,0.3,5,1.89,74810.09
903,Public,Urban,41,0.77,8,5.5,68931.32
1638,Profit,Rural,15,0.35,34,3.16,98871.0
931,Profit,Urban,5,0.58,4,1.87,40052.89
112,Public,Urban,19,0.95,37,9.4,136844.78
1770,Non-Profit,Urban,5,0.8,40,,146930.59
1486,Non-Profit,Rural,39,0.88,40,6.89,137878.76
550,Public,Urban,30,0.13,3,2.12,107790.29
1535,Profit,Urban,28,0.78,29,5.64,58917.18
1515,Profit,Rural,29,0.21,49,2.96,136895.89
256,Profit,Urban,23,0.95,40,6.02,83450.32
1869,Profit,Urban,37,0.81,43,9.5,148437.98
1852,Profit,Rural,49,0.85,-12,5.82,77921.16
631,non_profitt,Urban,13,0.59,1,2.48,84384.62
1830,Non-Profit,Rural,7,0.32,18,1.65,37847.19
72,Profit,Urban,1,0.16,13,2.31,38706.74
946,Public,-,42,0.8,17,9.99,83065.94
1239,Public,Rural,22,0.26,34,2.66,77375.74
614,Profit,Rural,22,0.82,9,8.21,34337.52
1563,Non-Profit,Rural,49,0.16,36,2.07,115116.45
311,Profit,Urban,28,0.94,10,,87557.84
950,Non-Profit,Urban,13,0.8,43,8.53,90568.19
455,Public,Urban,38,0.58,33,2.77,86720.75
481,Non-Profit,Rural,22,0.3,14,,58729.11
849,Profit,Urban,30,0.53,39,1.02,52786.34
1600,Public,Rural,30,0.38,15,3.0,106598.43
892,Profit,Rural,2,0.55,43,2.0,63691.99
990,Non-Profit,Urban,43,0.13,48,3.57,91190.49
1827,Non-Profit,Urban,24,0.41,34,,74569.76
828,Public,Urban,23,0.78,7,8.67,99714.54
569,Profit,Urban,43,0.78,11,6.33,83851.25
1303,Public,Urban,4,0.28,15,,95885.12
552,Non-Profit,Urban,26,0.17,20,,98869.58
1436,Profit,Urban,46,0.28,18,2.24,103354.05
441,Public,Urban,43,0.39,41,1.47,122926.44
1627,Profit,Rural,27,0.5,41,3.36,113672.34
734,Non-Profit,Urban,18,0.97,10,5.33,44793.51
850,Public,Urban,9,0.39,15,3.0,109203.29
205,Profit,Urban,32,0.44,33,1.66,93896.13
1205,Profit,Rural,46,0.79,26,6.44,86566.92
1574,Profit,Urban,33,0.24,19,3.65,62008.7
858,Non-Profit,Urban,36,0.47,2,3.28,35483.79
1061,Public,Urban,28,0.27,28,2.01,61421.23
29,Profit,-,19,0.45,49,2.84,113674.8
761,Profit,-,44,1.0,5,,95694.63
1829,Non-Profit,Urban,27,0.04,33,3.98,105223.8
791,Profit,Urban,27,0.8,6,,108377.54
40,Public,Rural,23,0.21,28,2.17,46225.4
1242,Public,Rural,44,0.64,28,7.66,111334.91
1050,Profit,Rural,47,0.04,40,,110656.58
1039,Non-Profit,Rural,32,0.05,31,1.68,60397.95
431,Public,Urban,32,0.02,21,1.47,48517.43
520,Public,Rural,35,0.93,8,7.42,106932.73
603,Profit,Rural,38,0.85,4,5.37,68055.72
757,Profit,Rural,29,0.28,36,3.3,92276.29
1887,Profit,Urban,35,0.62,4,8.63,35381.16
1153,Non-Profit,Rural,48,0.74,47,7.62,156038.59
89,Public,Rural,47,0.69,46,9.56,73968.02
583,Public,Rural,43,0.28,35,2.43,101407.64
251,Public,Rural,7,0.06,3,1.3,16432.28
945,Profit,Urban,31,0.39,47,1.25,72594.99
1581,Profit,Urban,7,0.89,28,9.33,64549.12
1899,Non-Profit,Urban,18,0.78,11,5.08,43849.22
611,non_profitt,Rural,4,0.77,36,9.46,119913.07
1035,Profit,Urban,31,0.63,23,9.8,80992.68
543,Public,Urban,14,0.84,12,8.64,96533.52
1037,Profit,Urban,46,0.0,11,1.39,103527.41
1885,non_profitt,Rural,35,0.89,34,6.88,61431.67
1168,Public,Urban,24,0.63,23,9.32,104213.68
1088,Profit,Urban,44,0.11,4,2.1,28209.32
94,Profit,Urban,10,0.43,20,3.15,121347.09
645,Public,Urban,34,0.47,34,1.26,134574.61
406,Public,Urban,25,0.98,44,5.71,78249.2
901,Non-Profit,Urban,7,0.07,-42,1.16,84952.86
1094,Profit,Rural,37,0.52,23,3.98,69689.96
600,Non-Profit,Urban,36,0.83,30,,130168.45
708,Non-Profit,Rural,17,0.66,42,6.45,84744.83
1281,Public,Rural,38,0.93,23,,114542.48
1369,Profit,Urban,3,0.88,29,7.41,114858.42
1278,Profit,Rural,18,0.84,45,5.9,77912.56
456,Public,Rural,6,0.18,31,3.2,75893.47
1215,Non-Profit,Rural,23,0.12,16,3.89,67237.59
1807,Non-Profit,Urban,37,0.91,6,6.98,102204.24
402,Public,Urban,29,0.76,30,8.06,138235.95
1622,Profit,Rural,44,0.2,26,3.57,101725.55
723,Public,Urban,19,0.94,49,7.23,75330.01
720,Public,Rural,27,0.56,31,3.47,82379.91
1295,Public,Urban,49,0.21,4,2.61,102340.65
838,Profit,Urban,27,0.88,49,7.43,153533.68
1029,Public,Urban,47,0.33,21,1.55,60069.88
165,Profit,Rural,26,0.5,41,1.65,75820.6
1069,Profit,Urban,41,0.41,24,2.79,68517.38
1008,Public,Rural,14,0.22,12,1.03,105344.28
1496,Profit,Urban,23,0.6,30,1.09,97361.99
1688,Profit,Rural,8,0.85,40,7.35,84279.87
657,Public,-,47,0.4,42,3.05,128358.59
1801,Non-Profit,Urban,49,0.32,43,3.46,138253.88
1983,Profit,Rural,33,0.05,5,3.46,100271.41
1813,Profit,Urban,48,0.32,12,3.15,39215.65
993,Profit,-,19,0.48,7,,101881.15
439,Public,Urban,33,0.64,38,5.43,112630.94
1305,Public,-,34,0.48,17,3.37,39553.21
8,Profit,Urban,17,0.98,29,9.38,128017.12
1768,Non-Profit,Urban,36,0.12,19,1.84,82976.5
1791,Profit,Urban,2,0.11,20,3.69,63633.38
1065,Profit,Urban,22,0.93,25,8.33,101746.88
475,Non-Profit,Urban,33,0.17,3,2.03,86514.97
1683,Profit,Urban,46,0.24,30,3.92,108417.76
513,Profit,Urban,12,0.47,7,1.19,88625.47
1446,Public,Urban,13,0.97,8,6.73,115133.17
530,Profit,Urban,35,0.34,17,3.97,60782.66
1955,Public,Rural,38,0.55,40,2.75,102601.03
286,Profit,Rural,41,0.79,17,8.61,90330.86
381,Public,Rural,43,0.62,20,5.89,97235.02
77,Public,Rural,7,0.65,2,8.28,29768.28
533,Public,Urban,47,0.15,46,1.39,110558.24
130,Public,Urban,3,0.85,14,,93640.07
1060,Non-Profit,Rural,28,0.48,12,2.86,38606.1
1615,Public,Urban,48,0.48,6,3.34,33248.28
1917,Non-Profit,Rural,39,0.48,6,3.56,27842.64
681,Profit,Urban,37,0.38,10,1.71,82843.25
1518,Public,Rural,37,0.88,12,6.32,66083.73
1312,Profit,Urban,38,0.65,43,9.9,150028.8
1127,Public,Rural,47,0.57,10,,42203.0
1885,Profit,Rural,35,0.59,44,2.06,124402.94
1361,Profit,Rural,28,0.5,25,1.4,92212.35
816,Profit,Rural,45,0.95,41,9.5,122343.97
1855,Profit,Urban,22,0.39,43,1.74,133660.59
901,Profit,Rural,35,0.8,27,9.92,55979.5
1945,Public,Urban,21,0.14,25,2.95,43032.66
143,Profit,Rural,6,0.54,6,2.67,94770.32
720,Public,Urban,28,0.25,39,1.57,137533.58
1755,Public,Urban,43,0.22,49,1.39,95133.48
668,Profit,Rural,35,0.0,15,3.07,86647.45
1101,Public,Urban,40,0.67,16,8.45,95374.39
761,Profit,Rural,23,0.66,44,7.96,117718.9
1346,Public,Rural,23,0.4,47,1.53,107294.11
363,Public,Urban,28,0.78,15,8.42,75689.99
1471,Profit,Urban,8,0.82,23,,48326.99
112,Profit,Urban,46,0.99,46,5.62,138695.55
257,Public,-,15,0.23,33,2.95,134584.6
843,Public,Rural,49,0.13,17,1.94,110533.42
733,Public,Rural,30,0.9,49,,136719.84
71,Profit,Rural,3,0.96,18,,85022.75
